MB-0028	0	1	9	1	86.41	1	5.032	1	0	1	0	3	16	2	1	0	1	0	0	1	1	1	1	0	1	LumB
MB-0035	0	0	3	1	84.22	0	3.056	0	0	0	1	2	28	2	0	2	3	0	0	1	1	4	1	1	0	Her2
MB-0046	0	1	5	1	83.02	0	6.072	1	0	24	1	3	36	2	0	0	0	4	0	0	0	0	1	0	0	LumA
MB-0050	1	1	8	1	44.64	1	4.066	1	1	3	0	2	33	2	1	1	2	1	0	1	0	2	0	0	1	Normal
MB-0053	1	1	7	1	70.02	1	3.046	1	0	0	0	2	23	2	0	1	1	4	0	1	1	1	1	0	1	LumB
MB-0054	1	1	10	1	66.91	1	4.072	1	0	0	1	3	36	2	1	0	1	4	0	1	0	1	1	0	1	LumB
MB-0062	1	1	10	1	52.14	1	4.034	0	0	0	1	3	17	1	0	1	4	4	1	1	1	5	0	0	1	Basal
MB-0064	1	1	3	1	69.13	1	3.036	1	0	0	0	2	18	1	1	0	1	4	0	1	0	1	1	1	1	LumB
MB-0068	1	1	3	1	51.01	0	3.024	1	0	1	0	1	12	2	0	2	0	4	0	1	0	0	1	0	1	LumA
MB-0112	0	0	3	1	83.89	1	6.3	1	0	14	1	3	150	3	0	1	0	1	0	1	1	0	1	0	0	LumA
MB-0113	1	1	5	1	36.96	1	5.034	1	1	3	1	3	17	2	2	0	3	2	1	0	1	4	0	0	0	Her2
MB-0114	1	1	8	1	48.59	0	3.06	1	1	0	1	2	30	2	2	1	0	0	0	1	0	0	1	1	0	LumA
MB-0119	0	0	7	1	82.73	0	4.046	1	0	1	1	2	23	2	0	0	1	0	0	1	1	1	1	0	1	LumB
MB-0120	0	0	9	1	72.1	0	5.052	1	0	1	1	3	26	2	1	0	1	0	0	0	1	1	1	0	0	LumB
MB-0121	1	1	8	1	78.73	0	5.06	1	0	6	1	2	30	2	1	1	0	1	0	1	1	0	1	0	1	LumA
MB-0123	0	1	1	1	76.89	1	4.05	1	0	0	1	3	25	2	1	1	1	0	0	1	0	1	1	1	1	LumB
MB-0124	1	1	8	1	43.46	0	4.1	1	1	2	0	2	50	3	2	1	0	1	0	1	0	0	0	0	1	LumA
MB-0125	1	1	8	1	73.98	1	2.018	1	0	0	0	1	9	2	2	1	1	1	0	1	0	1	1	1	0	LumB
MB-0126	1	1	8	1	61.95	1	3.07	1	0	0	1	2	35	2	1	1	0	1	0	1	0	0	1	0	1	LumA
MB-0127	1	1	3	1	52.11	1	4.026	1	0	1	0	2	13	2	3	1	2	1	1	1	1	2	0	0	1	Normal
MB-0129	0	1	5	1	63.53	1	6.048	0	0	4	1	3	24	2	2	0	3	2	1	0	1	4	0	0	0	Her2
MB-0130	1	1	5	1	56.75	0	2.034	1	0	0	1	1	17	1	2	0	0	2	0	0	1	0	1	1	1	LumA
MB-0131	0	0	8	1	69.16	0	4.078	1	0	0	1	3	39	2	1	1	0	0	0	1	1	0	0	0	1	LumA
MB-0133	1	1	8	1	58.89	0	3.16	1	0	1	0	1	80	2	1	1	0	1	0	1	1	0	0	0	1	LumA
MB-0134	0	0	8	1	73.11	0	5.044	1	0	3	1	3	22	2	0	1	1	0	0	1	1	1	1	0	0	LumB
MB-0135	1	1	2	1	74.09	0	5.07	1	0	1	1	3	35	2	1	1	1	0	0	1	0	1	1	0	1	LumB
MB-0136	1	1	3	1	72.3	1	3.026	1	0	0	0	2	13	1	0	1	0	1	0	1	0	0	1	1	1	LumA
MB-0138	1	1	3	1	51.33	0	3.036	1	0	0	0	2	18	1	1	2	0	1	0	1	0	0	1	1	1	LumA
MB-0140	1	1	8	1	74.07	1	4.054	1	0	1	0	2	27	2	0	1	1	0	0	1	1	1	1	0	1	LumB
MB-0142	1	1	1	1	57.99	1	3.032	1	0	0	1	2	16	1	1	2	0	1	0	1	0	0	1	1	0	LumA
MB-0143	0	1	9	1	85.39	1	5.044	1	0	2	0	3	22	2	0	1	0	0	0	1	1	0	1	0	0	LumA
MB-0144	0	0	8	1	79.73	0	6.052	1	0	6	0	3	26	2	0	1	1	1	0	1	0	1	1	0	1	LumB
MB-0145	1	1	3	1	62.4	0	3.04	1	0	0	0	2	20	1	1	1	0	1	0	1	0	0	1	0	1	LumA
MB-0146	0	1	1	1	81	0	5.044	1	0	2	0	3	22	2	0	2	1	0	0	1	1	1	1	0	1	LumB
MB-0147	0	0	2	1	79.28	1	5.076	1	0	9	1	2	38	2	0	1	0	0	0	1	0	0	1	0	0	LumA
MB-0148	1	1	5	1	53.16	0	4.038	0	0	0	1	3	19	1	0	0	3	2	1	0	1	4	1	1	0	Her2
MB-0149	0	1	10	1	77.13	1	4.078	0	0	0	0	3	39	2	2	2	4	3	1	1	1	5	1	0	0	Basal
MB-0150	1	1	0	1	70.22	0	3.04	1	0	0	1	2	20	2	0	1	4	3	0	1	1	5	1	1	1	Basal
MB-0151	0	0	2	1	67.7	0	6.1	1	0	6	1	3	50	3	1	1	1	0	0	1	0	1	1	0	0	LumB
MB-0152	1	1	0	1	63.77	1	4.024	0	0	0	1	3	12	1	0	0	3	2	1	0	1	4	1	1	1	Her2
MB-0154	1	1	0	1	62.46	1	3.024	1	0	0	1	2	12	1	1	1	0	1	0	1	1	0	1	1	1	LumA
MB-0162	1	1	7	1	57.56	0	4.028	1	0	1	0	2	14	2	0	1	0	1	0	1	0	0	1	0	0	LumA
MB-0163	0	1	10	1	84.73	2	5.054	0	0	1	0	3	27	2	0	1	4	4	1	1	1	5	1	1	1	Basal
MB-0165	0	0	5	1	53.75	0	6.104	1	0	22	1	3	52	3	1	0	0	2	0	0	1	0	0	0	0	LumA
MB-0166	1	1	0	1	44.98	1	5.048	1	1	3	0	3	24	2	1	1	0	1	0	1	0	0	0	0	1	LumA
MB-0167	0	0	9	1	76.4	1	5.076	1	0	2	1	3	38	2	0	1	1	0	0	1	0	1	1	0	0	LumB
MB-0170	0	1	3	1	83.35	0	3.052	1	0	1	1	1	26	2	2	1	0	1	0	1	1	0	1	0	1	LumA
MB-0171	1	1	0	1	64.57	1	4.054	1	0	0	1	3	27	2	1	1	2	1	0	1	1	2	1	0	0	Normal
MB-0172	1	1	3	1	48.11	1	4.04	1	1	1	1	2	20	2	2	1	0	1	0	1	0	0	0	0	1	LumA
MB-0173	1	1	7	1	83.99	1	6.088	1	0	4	1	3	44	2	0	2	1	0	0	1	0	1	1	0	0	LumB
MB-0175	1	1	6	1	69.51	1	2.04	1	0	0	1	1	20	1	3	2	0	1	0	1	1	0	1	1	1	LumA
MB-0176	1	1	1	1	38.78	1	6.072	1	1	7	1	3	36	2	1	1	0	0	0	1	0	0	0	0	1	LumA
MB-0177	0	1	6	1	85.94	0	4.088	1	0	2	1	2	44	2	2	1	0	1	0	1	0	0	1	0	0	LumA
MB-0178	0	0	1	1	74.63	0	4.042	1	0	0	0	3	21	2	0	1	1	4	0	1	0	1	1	0	1	LumB
MB-0180	1	1	8	1	51.69	1	3.036	1	0	0	0	2	18	1	1	1	0	1	0	1	0	0	1	0	1	LumA
MB-0181	1	1	7	1	68.45	0	4.042	1	0	1	0	2	21	2	1	1	0	1	0	1	0	0	1	0	1	LumA
MB-0184	1	1	0	1	68.41	0	3.05	1	0	0	1	2	25	2	1	1	0	1	0	1	0	0	1	1	1	LumA
MB-0188	0	0	3	1	82.65	1	4.09	1	0	2	1	2	45	2	0	1	3	4	1	1	1	4	0	0	0	Her2
MB-0189	0	0	6	1	57.79	1	6.096	1	0	6	1	3	48	4	1	1	2	1	0	1	1	2	0	0	0	Normal
MB-0191	0	1	10	1	81.02	1	4.05	0	0	0	0	3	25	2	0	1	4	4	1	1	1	5	1	0	0	Basal
MB-0193	1	1	3	1	51.54	0	6.038	1	0	7	1	3	19	2	0	0	1	0	0	1	0	1	1	1	0	LumB
MB-0194	1	1	3	1	56.45	1	5.042	1	0	6	1	2	21	2	0	1	0	1	0	1	0	0	0	0	1	LumA
MB-0195	1	1	6	1	75.18	1	6.056	1	0	21	1	3	28	2	0	0	1	0	0	1	1	1	1	0	1	LumB
MB-0197	1	1	9	1	50.48	0	5.048	1	0	2	1	3	24	2	0	1	1	0	0	1	0	1	0	0	1	LumB
MB-0198	1	1	8	1	43.37	1	6.036	1	1	4	1	3	18	2	0	1	1	0	0	1	0	1	0	0	1	LumB
MB-0199	1	1	3	1	57.56	1	5.038	1	0	1	0	3	19	2	0	1	0	1	0	1	0	0	1	0	1	LumA
MB-0201	1	1	5	1	49.5	0	4.04	0	1	0	1	3	20	1	1	0	4	2	1	0	1	5	0	0	1	Basal
MB-0202	1	1	0	1	46	1	5.06	1	1	1	1	3	30	2	0	1	0	0	0	1	0	0	0	0	1	LumA
MB-0203	0	1	7	1	86.24	1	5.05	1	0	1	1	3	25	2	0	1	0	0	0	1	0	0	0	0	0	LumA
MB-0204	0	0	3	1	79.38	1	2.02	1	0	0	0	1	10	1	1	1	0	1	0	1	1	0	1	0	0	LumA
MB-0205	1	1	3	1	53.56	0	3.052	1	0	0	0	2	26	2	2	1	2	1	0	1	1	2	1	0	1	Normal
MB-0207	1	1	8	1	48.13	0	4.056	1	1	2	1	2	28	2	0	0	0	1	0	1	0	0	1	1	1	LumA
MB-0214	1	1	10	1	41.41	0	4.054	1	1	0	0	3	27	2	0	1	4	3	1	1	1	5	0	0	1	Basal
MB-0215	1	1	3	1	75.63	1	3.08	1	0	0	1	2	40	2	0	1	1	0	0	1	0	1	1	0	1	LumB
MB-0218	1	1	1	1	43.39	0	5.04	1	1	2	0	3	20	2	0	1	1	0	0	1	0	1	0	0	1	LumB
MB-0221	0	0	0	1	77.72	0	6.04	0	0	7	1	3	20	2	1	0	3	0	1	1	1	4	1	1	0	Her2
MB-0223	0	0	0	1	50.45	1	6.04	1	0	12	1	3	20	2	0	0	0	1	0	1	1	0	0	0	1	LumA
MB-0224	1	1	0	1	44.01	1	4.05	1	1	0	1	3	25	2	1	1	0	1	0	1	0	0	1	1	1	LumA
MB-0225	1	1	1	1	59.15	0	3.038	1	0	0	0	2	19	1	1	0	1	2	0	0	1	1	1	1	1	LumB
MB-0226	1	1	8	1	58.21	1	3.04	1	0	1	0	1	20	2	2	1	0	1	0	1	0	0	1	0	0	LumA
MB-0227	1	1	8	1	52.95	0	3.048	1	0	0	0	2	24	1	3	1	0	1	0	1	0	0	1	1	1	LumA
MB-0228	0	0	0	1	63.35	0	3.034	1	0	1	1	1	17	2	2	1	2	1	0	1	0	2	1	1	0	Normal
MB-0229	1	1	7	1	45.5	1	3.038	1	1	0	0	2	19	1	0	1	0	1	0	1	0	0	1	0	1	LumA
MB-0231	1	1	3	1	71.57	0	1.06	0	0	0	0	2	30	2	2	0	0	1	0	1	1	0	1	1	0	LumA
MB-0233	0	1	2	1	77.77	0	3.034	0	0	0	0	2	17	1	1	0	0	1	0	1	0	0	1	1	1	LumA
MB-0234	0	1	8	1	56.27	1	3.052	1	0	0	1	2	26	2	0	1	1	0	0	1	0	1	1	0	1	LumB
MB-0235	0	0	8	1	52.55	0	4.04	1	0	1	0	2	20	2	2	1	0	1	0	1	0	0	0	0	1	LumA
MB-0236	1	1	5	1	43.63	1	4.054	1	1	0	1	3	27	2	1	0	0	2	0	0	0	0	0	0	1	LumA
MB-0239	0	0	3	1	77.85	1	2.092	1	0	0	0	1	46	3	0	1	0	1	0	1	0	0	1	0	1	LumA
MB-0242	1	1	8	1	51.25	0	3.036	0	0	0	0	2	18	1	1	1	1	1	0	1	0	1	1	1	1	LumB
MB-0243	1	1	8	1	53.72	1	4.044	1	0	1	0	2	22	2	0	1	1	1	0	1	0	1	0	0	1	LumB
MB-0244	1	1	0	1	67.83	0	2.022	1	0	0	0	1	11	1	2	1	2	4	0	1	0	2	1	1	1	Normal
MB-0245	1	1	3	1	54.76	1	1.028	1	0	0	0	2	14	1	0	1	0	1	0	1	1	0	1	1	1	LumA
MB-0248	1	1	8	1	45.76	1	4.042	1	1	0	1	3	21	2	0	1	0	1	0	1	0	0	0	0	1	LumA
MB-0249	1	1	10	1	53.45	1	4.022	0	0	0	0	3	11	1	0	0	3	3	1	1	1	4	1	0	1	Her2
MB-0253	1	1	0	1	69.19	0	3.024	1	0	0	0	2	12	1	3	1	2	1	0	1	0	2	1	1	1	Normal
MB-0256	1	1	3	1	53.1	1	2.034	1	0	0	0	1	17	1	0	1	0	4	0	1	0	0	1	1	1	LumA
MB-0257	0	0	8	1	57.61	1	3.05	1	0	0	0	2	25	2	1	0	0	0	0	1	1	0	0	0	1	LumA
MB-0258	1	1	7	1	62.7	0	4.022	1	0	0	0	3	11	1	0	0	0	0	0	1	0	0	1	0	1	LumA
MB-0259	0	0	9	1	38.99	2	6	0	1	9	2	3	0	3	0	0	4	3	1	1	1	5	0	1	0	Basal
MB-0260	0	1	3	1	78.26	0	1.024	1	0	0	1	2	12	1	0	1	0	1	0	1	0	0	1	0	1	LumA
MB-0261	0	0	8	1	63.93	0	4.052	1	0	6	0	1	26	2	0	1	1	0	0	1	0	1	1	0	1	LumB
MB-0262	0	1	7	1	55.44	0	4.052	1	0	0	1	3	26	2	0	1	3	4	0	1	1	4	1	1	1	Her2
MB-0263	0	1	7	1	76.49	0	1.054	1	0	0	1	2	27	1	1	1	0	1	0	1	0	0	1	1	1	LumA
MB-0264	0	0	9	1	83.93	0	5.062	0	0	1	1	3	31	2	0	1	3	1	0	1	1	4	1	1	0	Her2
MB-0266	0	1	8	1	84.88	0	1.06	0	0	0	1	2	30	2	1	0	0	4	0	1	0	0	1	0	1	LumA
MB-0268	0	0	9	1	66.54	2	4.038	1	0	0	2	3	19	4	0	1	1	4	0	1	0	1	1	1	0	LumB
MB-0270	1	1	10	1	29.98	0	4.028	1	1	0	1	3	14	2	0	1	1	0	0	1	0	1	1	1	1	LumB
MB-0272	0	0	8	1	55.36	1	6.056	1	0	8	1	3	28	1	1	1	1	0	0	1	1	1	1	1	1	LumB
MB-0273	1	1	8	1	68.66	1	4.05	1	0	3	1	2	25	2	1	1	0	1	0	1	1	0	1	0	1	LumA
MB-0278	0	0	10	1	34.3	2	5.106	1	1	3	2	3	53	3	1	1	4	3	1	1	1	5	0	1	0	Basal
MB-0280	0	0	7	1	47.64	1	3.042	1	1	0	1	2	21	2	3	1	2	1	0	1	0	2	1	0	1	Normal
MB-0287	0	1	7	1	77.54	2	4.038	1	0	1	0	2	19	2	0	1	1	0	0	1	1	1	1	1	1	LumB
MB-0288	0	0	1	1	55.22	0	5.06	1	0	25	1	2	30	2	2	0	2	1	0	0	1	2	0	1	1	Normal
MB-0290	1	1	8	1	49.92	0	2.05	1	1	0	1	1	25	2	1	1	0	1	0	1	0	0	1	1	1	LumA
MB-0291	0	0	5	1	51.19	1	5.052	1	0	1	0	3	26	2	1	0	1	2	0	0	0	1	0	1	0	LumB
MB-0292	0	1	9	1	80.34	0	5.11	0	0	1	1	3	55	2	0	1	3	3	1	1	1	4	1	1	0	Her2
MB-0294	1	1	0	1	46.17	0	3.028	1	1	0	1	2	14	2	1	0	2	2	1	1	1	2	0	0	1	Normal
MB-0295	1	1	0	1	47.13	0	3.018	1	1	1	0	1	9	2	1	2	0	1	0	1	0	0	1	1	1	LumA
MB-0301	0	1	7	1	82.46	0	5.046	1	0	2	1	3	23	2	1	1	0	1	0	1	0	0	1	0	1	LumA
MB-0302	0	0	3	1	81.53	1	6.058	1	0	5	1	3	29	2	1	1	0	1	0	1	1	0	1	0	1	LumA
MB-0304	0	0	6	1	84.85	1	5.028	1	0	1	1	3	14	2	0	1	1	4	0	1	0	1	1	0	1	LumB
MB-0305	0	0	8	1	60.62	1	6.07	1	0	6	1	3	35	2	2	1	2	1	0	1	0	2	0	1	1	Normal
MB-0306	0	0	3	1	82.53	0	5.07	1	0	2	1	3	35	2	0	1	0	0	0	1	0	0	1	0	0	LumA
MB-0308	1	1	3	1	51.21	2	2.038	1	0	0	2	1	19	1	2	1	0	1	0	1	1	0	1	1	1	LumA
MB-0309	0	1	8	1	89.43	0	3.042	1	0	1	1	1	21	2	2	1	0	1	0	1	0	0	1	1	0	LumA
MB-0310	1	1	3	1	67.38	1	4.032	1	0	1	1	2	16	2	1	1	0	1	0	1	0	0	1	0	1	LumA
MB-0311	0	1	8	1	77.94	0	2.094	1	0	0	1	1	47	2	0	1	1	0	0	1	1	1	1	1	1	LumB
MB-0312	0	0	2	1	70.49	1	3.066	1	0	0	1	2	33	2	1	1	1	0	0	1	0	1	1	1	1	LumB
MB-0313	1	1	10	1	55.52	1	5.046	1	0	1	0	3	23	2	0	1	1	0	0	1	0	1	1	1	1	LumB
MB-0314	0	0	5	1	73.48	0	6.1	0	0	5	1	3	50	2	1	0	3	2	1	0	1	4	1	1	0	Her2
MB-0315	1	1	6	1	56.32	1	4.1	1	0	3	1	2	50	2	1	0	0	1	0	1	1	0	0	0	1	LumA
MB-0316	1	1	10	1	50.82	0	4.06	0	0	0	0	3	30	2	0	1	4	3	1	1	1	5	1	0	1	Basal
MB-0317	0	1	7	1	76.68	1	4.078	1	0	0	1	3	39	2	0	1	0	1	0	1	0	0	1	1	1	LumA
MB-0318	1	1	0	1	58.01	0	1.036	0	0	0	1	2	18	1	0	1	2	3	1	1	1	2	1	1	1	Normal
MB-0319	0	0	2	1	92.14	0	5.064	1	0	10	1	2	32	2	1	0	1	0	0	1	1	1	1	0	0	LumB
MB-0320	1	1	3	1	50.98	1	2.034	1	0	0	0	1	17	1	1	1	0	1	0	1	0	0	1	0	1	LumA
MB-0321	1	1	8	1	46.86	0	5.06	1	1	2	1	3	30	2	0	1	0	0	0	1	0	0	0	1	1	LumA
MB-0322	0	1	8	1	86.28	1	4.05	1	0	2	1	2	25	2	0	1	0	1	0	1	1	0	1	0	0	LumA
MB-0324	0	0	6	1	47.64	0	6.064	1	1	6	2	3	32	2	1	0	0	0	0	1	0	0	0	0	1	LumA
MB-0325	1	1	10	1	79.34	1	4.09	1	0	0	1	3	45	2	0	1	1	0	0	1	0	1	1	0	1	LumB
MB-0328	0	0	9	1	69.62	1	5.068	1	0	2	1	3	34	2	0	1	1	0	0	1	0	1	1	0	1	LumB
MB-0336	0	0	10	1	74.76	1	5.044	1	0	1	1	3	22	2	0	1	1	0	0	1	0	1	1	0	1	LumB
MB-0339	0	1	0	1	90.43	1	3.048	0	0	0	1	2	24	2	1	1	1	1	0	1	0	1	1	1	0	LumB
MB-0340	1	1	10	1	79.97	1	5.032	1	0	3	1	3	16	2	0	1	4	3	1	1	1	5	1	0	1	Basal
MB-0341	0	0	8	1	67.01	2	4.052	1	0	3	1	2	26	2	1	1	0	0	0	1	0	0	1	0	1	LumA
MB-0342	0	0	3	1	54.96	1	3.058	1	0	0	1	2	29	2	1	1	2	1	0	1	0	2	1	1	1	Normal
MB-0343	0	0	6	1	70.51	0	4.06	1	0	3	1	2	30	2	3	1	2	4	0	1	0	2	1	1	1	Normal
MB-0345	1	1	3	1	37.3	1	4.056	1	1	1	1	2	28	2	1	1	0	1	0	1	0	0	0	1	1	LumA
MB-0348	0	1	8	1	81.88	0	2.044	1	0	0	1	1	22	2	0	1	0	1	0	1	0	0	1	0	1	LumA
MB-0349	0	1	3	1	72.26	1	5.06	1	0	1	1	3	30	2	0	2	1	0	0	1	1	1	1	1	1	LumB
MB-0350	0	0	10	1	49.05	2	5.16	0	1	0	2	3	80	2	0	1	4	4	1	1	1	5	1	1	0	Basal
MB-0353	0	1	7	1	86.26	1	5.08	1	0	6	1	2	40	2	0	1	0	1	0	1	1	0	1	0	0	LumA
MB-0356	1	1	8	1	58.16	0	3.032	1	0	0	1	2	16	2	1	1	0	0	0	1	0	0	1	1	1	LumA
MB-0358	1	1	9	1	57.87	1	5.052	1	0	2	1	3	26	2	1	0	0	0	0	1	0	0	0	0	0	LumA
MB-0359	1	1	3	1	44.21	2	3.044	1	1	0	2	2	22	2	1	1	0	1	0	1	0	0	1	0	0	LumA
MB-0360	0	0	7	1	83.58	0	3.1	1	0	2	1	1	50	2	0	1	1	0	0	1	0	1	1	0	1	LumB
MB-0361	0	1	5	1	40.5	1	6.048	0	1	41	1	3	24	2	0	0	3	2	1	0	1	4	1	1	0	Her2
MB-0362	0	0	2	1	52.79	0	4.036	1	0	1	1	2	18	2	0	1	0	0	0	1	0	0	0	0	0	LumA
MB-0363	0	0	2	1	73.24	1	5.134	1	0	7	1	2	67	4	0	1	1	0	0	1	1	1	1	1	1	LumB
MB-0364	1	1	0	1	48.67	1	5.1	1	1	6	1	2	50	3	0	1	0	1	0	1	1	0	0	0	1	LumA
MB-0366	1	1	8	1	51.74	0	3.044	1	0	0	1	2	22	2	1	1	0	0	0	1	0	0	1	1	1	LumA
MB-0368	0	0	2	1	74.79	0	6.062	1	0	10	1	3	31	2	0	1	1	0	0	1	0	1	0	0	1	LumB
MB-0369	1	1	1	1	65.47	0	6.054	1	0	7	1	3	27	2	0	0	1	4	0	1	1	1	0	0	1	LumB
MB-0370	0	1	9	1	64.01	0	6.094	1	0	16	1	3	47	2	1	1	1	0	0	1	1	1	0	0	1	LumB
MB-0371	1	1	5	1	78.41	1	6.044	1	0	6	1	3	22	2	1	0	1	2	0	0	1	1	1	0	1	LumB
MB-0373	0	0	5	1	63.31	0	5.048	1	0	2	0	3	24	2	0	0	1	2	0	0	0	1	1	0	0	LumB
MB-0374	1	1	1	1	34.68	1	6.05	1	1	15	0	3	25	2	1	2	1	0	0	1	1	1	1	1	0	LumB
MB-0375	1	1	10	1	72.69	1	5.046	0	0	1	1	3	23	2	0	1	2	3	0	1	0	2	1	0	1	Normal
MB-0378	0	0	5	1	57.15	1	5.056	0	0	2	1	3	28	2	1	0	3	2	1	0	1	4	0	0	1	Her2
MB-0379	1	1	7	1	48.22	1	4.058	1	1	1	0	2	29	2	0	1	0	1	0	1	1	0	0	0	1	LumA
MB-0380	0	1	9	1	83.9	1	5.05	1	0	1	0	3	25	2	0	1	1	0	0	1	0	1	1	0	1	LumB
MB-0381	1	1	5	1	33.65	1	4.042	1	1	0	0	3	21	2	0	0	3	2	0	0	1	4	0	0	1	Her2
MB-0383	0	0	1	1	65.02	0	4.038	1	0	0	1	3	19	1	0	1	1	0	0	1	1	1	1	1	1	LumB
MB-0384	0	0	8	1	74.58	0	6.086	1	0	13	1	3	43	2	0	2	1	0	0	1	0	1	1	0	1	LumB
MB-0385	0	0	9	1	66.58	0	6.062	1	0	11	0	3	31	2	0	1	1	0	0	1	1	1	0	0	0	LumB
MB-0386	1	1	9	1	66.83	1	6.03	1	0	8	0	3	15	3	1	2	0	1	0	1	0	0	1	0	1	LumA
MB-0388	1	1	1	1	46.63	0	5.056	1	1	3	1	3	28	2	2	0	2	1	0	0	1	2	0	0	1	Normal
MB-0389	1	1	2	1	46.87	1	6.1	1	1	19	1	3	50	3	0	0	1	2	0	0	0	1	0	0	1	LumB
MB-0392	0	0	1	1	56.28	0	5.06	1	0	2	1	3	30	4	1	1	2	0	0	1	0	2	0	1	0	Normal
MB-0394	1	1	2	1	56.48	0	3.04	1	0	0	0	2	20	1	1	1	0	0	0	1	0	0	1	0	1	LumA
MB-0395	0	0	5	1	80.38	0	5.1	0	0	2	1	3	50	2	0	0	3	2	1	0	1	4	1	0	0	Her2
MB-0396	1	1	10	1	56.45	0	4.054	0	0	0	0	3	27	2	0	1	4	3	1	1	1	5	0	0	1	Basal
MB-0398	0	0	6	1	56.41	0	6.084	1	0	19	1	3	42	3	1	1	1	0	0	1	1	1	1	0	0	LumB
MB-0399	0	1	0	1	68.47	0	6.09	0	0	11	1	3	45	3	2	1	3	3	1	1	1	4	0	0	1	Her2
MB-0404	1	1	8	1	60.71	0	5.03	1	0	1	0	3	15	2	0	2	0	0	0	1	0	0	1	0	1	LumA
MB-0406	0	0	2	1	69.32	0	6.36	1	0	17	1	3	180	3	1	1	1	0	0	1	1	1	0	0	1	LumB
MB-0410	1	1	3	1	57.41	1	3.04	1	0	0	0	2	20	1	0	1	0	1	0	1	0	0	1	0	1	LumA
MB-0411	1	1	6	1	54.6	0	4.036	1	0	1	1	2	18	2	1	2	0	1	0	1	1	0	0	0	1	LumA
MB-0412	1	1	6	1	54.06	1	5.038	1	0	1	0	3	19	2	0	1	1	0	0	1	1	1	1	0	1	LumB
MB-0413	1	1	2	1	56.58	0	6.094	1	0	5	0	3	47	2	0	1	0	0	0	1	0	0	0	0	1	LumA
MB-0417	0	0	7	1	54.22	0	4.08	1	0	1	1	2	40	2	2	1	3	0	0	1	0	4	1	0	0	Her2
MB-0418	1	1	9	1	58.72	1	5.062	1	0	1	0	3	31	2	1	1	3	0	0	1	1	4	1	0	1	Her2
MB-0419	0	1	8	1	77.92	1	4.042	1	0	3	1	2	21	2	0	1	0	1	0	1	0	0	1	0	1	LumA
MB-0421	0	1	5	1	73.53	0	4.048	1	0	0	1	3	24	2	2	0	3	2	0	0	0	4	1	1	1	Her2
MB-0422	0	1	8	1	66.72	1	5.032	1	0	7	0	2	16	2	0	1	0	1	0	1	0	0	1	0	0	LumA
MB-0425	0	1	3	1	83.17	0	5.044	1	0	6	1	2	22	2	0	1	0	1	0	1	0	0	1	0	0	LumA
MB-0426	1	1	3	1	50.48	1	4.084	1	0	2	1	2	42	2	1	1	2	1	0	1	0	2	0	0	1	Normal
MB-0427	1	1	7	1	81.89	0	5.042	1	0	15	1	2	21	2	1	1	0	0	0	1	1	0	1	0	1	LumA
MB-0428	1	1	9	1	85.21	0	6.04	1	0	4	1	3	20	2	0	1	0	0	0	1	1	0	1	0	0	LumA
MB-0429	0	1	1	1	78.86	1	6.08	1	0	4	1	3	40	2	0	0	1	0	0	1	0	1	1	0	1	LumB
MB-0431	1	1	3	1	63.61	0	4.114	1	0	2	0	2	57	2	0	1	0	1	0	1	1	0	1	0	1	LumA
MB-0434	0	0	5	1	69.79	1	5.04	1	0	2	1	3	20	2	0	0	1	2	0	0	1	1	0	1	0	LumB
MB-0436	0	1	0	1	88.29	0	4.026	0	0	0	0	3	13	1	1	1	3	3	1	1	1	4	1	0	1	Her2
MB-0437	1	1	0	1	82.17	1	4.03	1	0	3	0	2	15	2	2	2	1	0	0	1	0	1	1	0	1	LumB
MB-0439	1	1	8	1	50.32	0	3.03	1	0	0	1	2	15	1	0	1	1	0	0	1	0	1	1	1	1	LumB
MB-0440	1	1	1	1	56.73	0	5.052	1	0	1	0	3	26	2	0	1	1	0	0	1	1	1	0	0	1	LumB
MB-0444	0	0	8	1	49.87	0	5.066	1	1	18	0	2	33	4	1	1	1	1	0	1	0	1	1	0	0	LumB
MB-0445	1	1	7	1	40.07	0	4.046	1	1	1	0	2	23	2	0	1	0	0	0	1	0	0	0	0	1	LumA
MB-0449	1	1	3	1	54.38	1	3.07	1	0	2	1	1	35	2	0	1	0	1	0	1	0	0	0	0	1	LumA
MB-0451	1	1	8	1	63.2	1	2.032	1	0	0	1	1	16	1	1	1	0	1	0	1	1	0	1	1	0	LumA
MB-0452	1	1	9	1	54.43	0	4.046	1	0	0	0	3	23	2	1	0	1	0	0	1	1	1	1	0	1	LumB
MB-0453	0	0	2	1	61.11	1	6.2	1	0	6	1	3	100	3	1	2	3	0	1	1	1	4	0	0	0	Her2
MB-0454	0	1	3	1	90.02	1	3.04	1	0	0	0	2	20	1	1	1	0	1	0	1	0	0	1	0	0	LumA
MB-0455	1	1	10	1	56.84	0	3.036	1	0	0	0	2	18	1	1	2	1	0	0	1	0	1	1	0	1	LumB
MB-0458	1	1	0	1	49.28	0	4.1	1	1	2	1	2	50	2	2	1	2	1	0	1	0	2	0	0	1	Normal
MB-0464	0	0	9	1	58.98	1	6.026	0	0	17	1	3	13	3	2	2	4	3	1	1	1	5	0	0	0	Basal
MB-0465	0	0	5	1	87.18	0	5.052	1	0	2	1	3	26	2	1	0	1	2	0	0	1	1	1	1	0	LumB
MB-0466	1	1	1	1	33.97	0	5.14	1	1	4	1	2	70	2	0	1	0	0	0	1	1	0	0	0	0	LumA
MB-0467	0	0	5	1	58.35	0	4.026	0	0	0	0	3	13	1	0	0	3	2	1	0	1	4	0	1	1	Her2
MB-0468	0	1	1	1	60.95	0	6.052	1	0	4	1	3	26	2	1	1	0	4	0	1	1	0	0	0	1	LumA
MB-0469	1	1	6	1	67.94	0	5.078	1	0	3	1	3	39	2	1	0	1	0	0	1	0	1	0	0	1	LumB
MB-0471	1	1	1	1	76.49	0	3.034	1	0	0	0	2	17	1	1	1	0	0	0	1	0	0	1	0	1	LumA
MB-0474	0	0	9	1	54.29	1	5.16	1	0	3	1	3	80	3	0	1	1	0	0	1	0	1	0	0	1	LumB
MB-0475	1	1	9	1	54.15	0	4.04	1	0	0	0	3	20	1	1	1	0	0	0	1	0	0	1	0	1	LumA
MB-0479	1	1	5	1	33.83	0	4.044	0	1	0	1	3	22	2	0	0	3	2	1	0	1	4	0	0	1	Her2
MB-0480	1	1	9	1	51.86	0	4.026	1	0	0	0	3	13	1	0	1	0	1	0	1	1	0	1	0	1	LumA
MB-0481	0	0	10	1	54.22	0	4.038	0	0	0	0	3	19	1	0	1	4	3	1	1	1	5	0	0	0	Basal
MB-0482	0	0	5	1	39.53	1	5.032	0	1	1	0	3	16	2	1	0	2	2	1	0	1	2	0	0	0	Normal
MB-0483	0	0	1	1	49.61	0	5.042	1	1	2	1	3	21	2	0	1	1	0	0	1	0	1	0	0	1	LumB
MB-0484	1	1	6	1	38.72	0	5.044	1	1	3	0	3	22	2	0	0	3	0	0	0	0	4	0	0	1	Her2
MB-0485	0	0	9	1	60.78	1	6.1	1	0	7	1	3	50	3	0	1	0	0	0	1	1	0	0	0	0	LumA
MB-0486	1	1	3	1	57.57	0	4.064	1	0	0	1	3	32	2	0	1	0	1	0	1	0	0	0	0	1	LumA
MB-0487	1	1	3	1	57.36	1	3.03	1	0	0	0	2	15	1	2	1	2	1	0	1	0	2	1	0	1	Normal
MB-0488	1	1	0	1	50.64	0	2.05	1	0	0	1	1	25	2	3	1	4	3	0	1	0	5	1	0	1	Basal
MB-0492	0	1	8	1	85.21	1	4.056	1	0	0	0	3	28	2	3	1	1	0	0	1	0	1	1	0	1	LumB
MB-0496	1	1	3	1	60	1	4.052	1	0	4	1	1	26	2	0	1	2	1	0	1	0	2	0	0	1	Normal
MB-0497	1	1	0	1	57.27	1	3.058	1	0	0	0	2	29	2	0	0	0	1	0	1	0	0	1	0	1	LumA
MB-0500	1	1	10	1	36.56	1	4.044	1	1	0	0	3	22	2	0	1	4	3	1	1	1	5	0	0	1	Basal
MB-0501	1	1	8	1	48.93	1	4.042	1	1	0	0	3	21	2	1	0	0	1	0	1	0	0	0	0	1	LumA
MB-0503	1	1	7	1	60.77	0	3.046	1	0	0	0	2	23	2	0	0	0	1	0	1	0	0	1	0	1	LumA
MB-0504	1	1	3	1	68.16	0	4.042	1	0	0	0	3	21	2	1	1	0	1	0	1	0	0	1	0	1	LumA
MB-0505	1	1	0	1	56.38	1	3.024	1	0	1	0	1	12	2	1	1	0	1	0	1	0	0	1	0	1	LumA
MB-0506	0	0	9	1	60.74	0	5.042	0	0	1	0	3	21	2	0	1	3	0	1	1	0	4	0	0	0	Her2
MB-0507	1	1	3	1	58.71	1	4.036	1	0	0	0	3	18	1	1	1	0	1	0	1	0	0	1	0	0	LumA
MB-0508	1	1	2	1	42.68	0	3.022	1	1	0	0	2	11	1	2	0	2	0	0	1	1	2	1	1	1	Normal
MB-0510	1	1	9	1	71.84	1	5.12	1	0	1	1	3	60	3	1	1	2	0	0	1	0	2	1	0	1	Normal
MB-0511	1	1	3	1	59.84	0	3.062	1	0	0	1	2	31	2	1	1	0	1	0	1	0	0	1	0	1	LumA
MB-0512	1	1	9	1	56.74	0	2.048	1	0	0	0	1	24	2	1	1	0	4	0	1	0	0	1	0	1	LumA
MB-0513	1	1	9	1	73.39	1	4.064	1	0	1	1	2	32	2	0	1	0	1	0	1	0	0	1	0	1	LumA
MB-0514	1	1	3	1	42.89	1	4.04	1	1	1	0	2	20	2	0	1	1	0	0	1	0	1	0	0	0	LumB
MB-0521	1	1	3	1	52.2	1	4.06	1	0	3	1	2	30	2	0	1	0	1	0	1	0	0	1	0	1	LumA
MB-0525	1	1	0	1	48.47	1	4.05	0	1	0	0	3	25	2	0	1	4	3	1	1	1	5	0	0	1	Basal
MB-0528	1	1	2	1	53.64	0	5.052	1	0	1	1	3	26	2	1	1	0	1	0	1	1	0	0	0	1	LumA
MB-0529	0	0	8	1	67.46	1	5.05	1	0	7	1	2	25	4	0	1	0	0	0	1	0	0	0	1	0	LumA
MB-0531	1	1	0	1	60.12	0	4.032	0	0	0	1	3	16	1	3	2	2	4	0	1	0	2	0	0	1	Normal
MB-0532	0	0	9	1	59.07	1	5.07	0	0	3	1	3	35	2	0	1	1	0	0	1	0	1	0	0	1	LumB
MB-0535	1	1	8	1	46.66	0	3.024	1	1	0	0	2	12	1	2	1	0	1	0	1	0	0	1	0	1	LumA
MB-0536	0	1	1	1	67.88	1	4.04	1	0	0	0	3	20	1	0	1	1	0	0	1	1	1	1	0	1	LumB
MB-0538	0	0	9	1	61.89	1	6.074	1	0	26	1	3	37	2	0	1	0	0	0	1	0	0	0	0	0	LumA
MB-0542	0	0	1	1	39.3	0	6.046	1	1	5	1	3	23	2	1	1	2	0	0	1	0	2	0	0	0	Normal
MB-0544	0	1	8	1	74.46	0	5.104	1	0	1	1	3	52	3	2	1	1	1	0	1	0	1	0	0	1	LumB
MB-0545	0	1	6	1	83.92	0	6.052	1	0	6	2	3	26	2	1	1	2	0	0	1	1	2	1	0	0	Normal
MB-0550	0	0	8	1	60.12	0	4.03	1	0	1	1	2	15	2	0	1	1	0	0	1	1	1	1	1	1	LumB
MB-0551	0	0	0	1	76.32	0	3.064	1	0	0	1	2	32	2	3	1	2	1	0	1	0	2	1	0	0	Normal
MB-0552	0	0	5	1	61.53	1	6.058	1	0	8	1	3	29	2	3	0	3	2	0	0	1	4	0	0	1	Her2
MB-0553	0	1	5	1	86.99	0	5.04	1	0	14	1	2	20	2	1	0	0	4	0	0	1	0	1	0	1	LumA
MB-0559	1	1	7	1	47.71	0	4.05	1	1	0	1	3	25	2	0	1	0	0	0	1	0	0	0	1	1	LumA
MB-0568	1	1	7	1	61.28	1	4.034	1	0	1	1	2	17	2	1	1	0	1	0	1	0	0	1	1	1	LumA
MB-0569	0	0	0	1	74.96	0	6.046	1	0	14	1	3	23	2	0	1	1	0	0	1	0	1	0	0	0	LumB
MB-0570	1	1	6	1	68.99	0	4.04	1	0	0	0	3	20	2	0	0	1	0	0	1	0	1	1	0	1	LumB
MB-0571	1	1	7	1	61.79	1	2.04	1	0	0	1	1	20	1	1	1	0	0	0	1	0	0	1	0	1	LumA
MB-0574	1	1	2	1	71.21	1	5.042	1	0	1	0	3	21	2	0	1	0	0	0	1	0	0	1	0	1	LumA
MB-0575	1	1	0	1	48.1	0	5.11	1	1	4	1	2	55	3	0	0	0	1	0	1	0	0	0	0	1	LumA
MB-0576	0	0	2	1	68.47	1	6.042	1	0	5	0	3	21	2	1	1	1	0	0	1	0	1	1	0	0	LumB
MB-0580	0	0	0	1	33.8	0	5.08	1	1	2	1	3	40	2	1	0	0	0	0	1	0	0	0	0	1	LumA
MB-0581	0	0	7	1	96.29	1	6.052	0	0	14	1	3	26	2	1	1	4	3	1	1	1	5	1	0	0	Basal
MB-0582	0	1	10	1	84.76	1	4.06	0	0	0	1	3	30	2	0	1	4	3	1	1	1	5	1	1	0	Basal
MB-0583	1	1	3	1	75.67	0	3.044	1	0	0	1	2	22	2	0	1	0	1	0	1	0	0	1	1	1	LumA
MB-0585	0	0	6	1	76.72	1	5.056	1	0	1	1	3	28	2	0	1	1	0	0	1	1	1	1	0	1	LumB
MB-0589	1	1	5	1	59.96	1	5.07	1	0	25	1	2	35	4	1	0	1	0	0	0	1	1	1	0	1	LumB
MB-0591	0	0	8	1	84	0	4.034	1	0	0	1	3	17	1	0	1	1	0	0	1	1	1	1	1	1	LumB
MB-0593	0	0	5	1	62.34	0	5.18	0	0	13	1	2	90	3	0	0	3	2	1	0	1	4	0	0	0	Her2
MB-0594	1	1	0	1	77.96	1	5.09	1	0	1	1	3	45	3	0	2	1	0	0	1	1	1	1	0	0	LumB
MB-0596	0	1	3	1	77.48	0	3.032	1	0	0	0	2	16	1	0	2	0	1	0	1	0	0	1	0	1	LumA
MB-0597	0	1	3	1	64.55	0	4.034	1	0	2	1	2	17	2	0	1	2	1	0	1	0	2	0	0	1	Normal
MB-0600	1	1	6	1	70.5	0	6.054	1	0	9	1	3	27	2	1	1	0	0	0	1	1	0	1	0	1	LumA
MB-0601	0	0	10	1	32.99	1	6.05	1	1	8	1	3	25	2	1	1	1	0	0	1	1	1	0	0	0	LumB
MB-0603	1	1	7	1	79.52	1	4.042	1	0	1	1	2	21	2	0	1	0	1	0	1	0	0	1	1	1	LumA
MB-0605	1	1	8	1	58.08	1	3.036	1	0	0	1	2	18	1	0	0	0	1	0	1	0	0	1	1	1	LumA
MB-0606	0	0	3	1	83.19	1	3.036	1	0	0	1	2	18	1	1	1	1	0	0	1	1	1	1	1	0	LumB
MB-0609	0	0	8	1	51.15	0	4.028	1	0	2	1	2	14	2	0	1	0	0	0	1	1	0	0	1	1	LumA
MB-0615	1	1	5	1	38.75	2	4.006	0	1	3	1	2	3	2	3	0	2	2	1	0	1	2	1	1	0	Normal
MB-0616	0	1	7	1	75.98	0	5.076	1	0	3	1	3	38	2	0	1	1	0	0	1	1	1	1	0	0	LumB
MB-0618	1	1	3	1	63.86	1	3.034	1	0	0	1	2	17	1	1	1	1	1	0	1	0	1	1	1	1	LumB
MB-0621	1	1	0	1	70.04	1	4.06	1	0	1	1	2	30	2	0	1	0	1	0	1	0	0	1	0	0	LumA
MB-0623	1	1	0	1	66.52	1	3.024	1	0	0	0	2	12	1	2	1	2	4	0	1	0	2	1	0	1	Normal
MB-0626	0	0	1	1	61.11	1	4.04	1	0	0	0	3	20	2	0	1	1	4	0	1	1	1	1	0	0	LumB
MB-0628	1	1	7	1	63.98	0	3.02	1	0	0	0	2	10	1	1	1	2	0	0	1	1	2	1	0	1	Normal
MB-0631	0	0	8	1	84.41	0	4.05	1	0	1	1	2	25	2	1	1	0	1	0	1	0	0	0	0	0	LumA
MB-0632	1	1	0	1	51.92	0	3.04	1	0	0	0	2	20	1	1	1	0	1	0	1	1	0	1	0	0	LumA
MB-0637	1	1	10	1	75.71	1	4.062	1	0	0	1	3	31	2	0	1	1	0	0	1	0	1	1	0	1	LumB
MB-0638	0	1	0	1	66.95	0	4.064	1	0	1	1	2	32	2	2	1	2	4	0	1	1	2	1	0	1	Normal
MB-0639	1	1	10	1	50.39	0	4.036	0	0	0	0	3	18	1	0	1	4	4	1	1	1	5	0	0	1	Basal
MB-0642	0	1	8	1	79.12	0	2.04	1	0	0	0	1	20	1	0	1	0	1	0	1	0	0	1	0	1	LumA
MB-0643	0	1	5	1	73.46	0	6.12	1	0	12	1	3	60	3	0	0	3	3	1	0	1	4	1	0	0	Her2
MB-0646	0	0	8	1	67.06	0	5.066	1	0	6	1	2	33	2	0	1	1	4	0	1	1	1	1	0	0	LumB
MB-0649	1	1	7	1	60.62	1	4.016	1	0	4	0	1	8	2	1	1	0	1	0	1	0	0	1	0	1	LumA
MB-0650	1	1	2	1	79.48	0	4.042	1	0	2	1	2	21	2	0	1	0	0	0	1	1	0	1	0	0	LumA
MB-0653	0	0	9	1	69.95	0	5.056	1	0	2	0	3	28	2	1	1	3	0	1	1	1	4	1	0	0	Her2
MB-0655	1	1	0	1	69.73	0	1.12	1	0	0	1	2	60	1	1	1	2	1	0	1	0	2	1	1	1	Normal
MB-0659	0	0	0	1	82.87	0	3.09	0	0	0	0	2	45	2	1	1	2	3	1	1	1	2	1	0	0	Normal
MB-0662	0	0	5	1	50.94	0	4.028	1	0	0	0	3	14	1	0	0	2	2	0	0	0	2	1	0	1	Normal
MB-0663	1	1	5	1	57.76	0	4.032	0	0	0	2	3	16	1	0	0	3	2	1	0	1	4	0	1	0	Her2
MB-0664	0	0	10	1	78.27	0	6.168	0	0	10	1	3	84	3	0	1	4	3	1	1	1	5	0	0	0	Basal
MB-0666	0	0	9	1	61.31	1	6.05	1	0	9	0	3	25	2	0	1	0	0	0	1	0	0	0	0	0	LumA
MB-0872	0	1	7	1	82.34	1	4.028	1	0	1	1	2	14	2	3	1	2	1	0	1	0	2	1	0	1	Normal
MB-0877	0	0	6	1	79.41	0	6.07	1	0	4	1	3	35	2	0	1	1	0	0	1	0	1	1	1	0	LumB
MB-0880	1	1	7	1	73.64	1	2.06	1	0	0	1	1	30	2	1	1	0	1	0	1	0	0	1	1	0	LumA
MB-0884	0	0	9	1	56.47	0	6.046	1	0	15	0	3	23	2	1	1	1	0	0	1	1	1	0	0	1	LumB
MB-0895	0	1	5	1	79.61	0	5.038	1	0	1	1	3	19	2	0	0	1	2	0	0	0	1	1	0	0	LumB
MB-0897	0	1	0	1	41.32	2	4.092	0	1	1	2	2	46	2	1	1	2	1	0	1	0	2	1	1	0	Normal
MB-0899	1	1	8	1	50.62	1	4.05	1	0	3	1	2	25	2	1	1	0	0	0	1	0	0	0	1	1	LumA
MB-0901	1	1	10	1	68.19	0	5.066	0	0	3	0	3	33	2	0	1	4	4	1	1	1	5	0	0	1	Basal
MB-0904	0	1	3	1	83.01	0	4.044	1	0	1	1	2	22	2	1	1	0	1	0	1	0	0	1	1	1	LumA
MB-2517	0	1	5	2	60.29	1	4.03	0	0	0	1	3	15	1	1	0	3	2	1	0	1	4	1	1	1	Her2
MB-2536	0	1	3	2	54.11	0	2.03	1	0	0	0	1	15	1	1	0	0	1	0	1	1	0	1	1	0	LumA
MB-2564	1	1	8	2	52.98	0	2.02	1	0	0	0	1	10	1	0	1	0	1	0	1	0	0	1	0	1	LumA
MB-2610	1	1	8	2	58.99	0	3.05	1	0	1	1	1	25	2	2	1	0	1	0	1	0	0	1	1	1	LumA
MB-2613	1	1	1	2	59.63	0	4.04	1	0	0	1	3	20	1	0	1	1	0	0	1	0	1	1	1	1	LumB
MB-2614	0	0	7	2	43.72	0	4.03	0	1	10	1	1	15	3	0	1	0	1	0	1	0	0	0	1	1	LumA
MB-2617	0	0	0	2	63.3	0	4.036	1	0	0	0	3	18	1	0	1	1	0	0	1	1	1	1	0	1	LumB
MB-2618	0	0	1	2	66.22	1	3.032	1	0	0	0	2	16	1	0	0	1	4	0	1	0	1	1	0	1	LumB
MB-2624	1	1	3	2	53.53	1	3.028	1	0	2	0	1	14	2	1	1	0	1	0	1	0	0	1	0	1	LumA
MB-2626	1	1	5	2	62.54	1	4.032	1	0	0	0	3	16	1	0	0	1	2	0	0	0	1	1	0	1	LumB
MB-2632	0	0	5	2	36.52	0	5.03	0	1	3	1	3	15	2	0	0	3	2	1	0	1	4	0	0	0	Her2
MB-2634	1	1	2	2	70.69	0	4.02	1	0	0	0	3	10	1	0	0	1	0	0	1	0	1	1	0	1	LumB
MB-2645	0	0	0	2	69.45	0	6.054	1	0	6	1	3	27	3	1	1	4	4	0	1	1	5	1	0	0	Basal
MB-2669	0	0	6	2	62.56	0	3.048	1	0	0	1	2	24	1	1	1	0	1	0	1	1	0	1	1	1	LumA
MB-2686	1	1	1	2	68.76	0	5.034	1	0	1	0	3	17	2	0	1	1	0	0	1	1	1	1	0	1	LumB
MB-2705	1	1	3	2	61.78	0	3.03	1	0	0	0	2	15	1	0	1	1	0	0	1	1	1	1	0	1	LumB
MB-2708	0	0	7	2	66.36	0	3.03	1	0	0	1	2	15	1	1	1	1	0	0	1	0	1	1	1	1	LumB
MB-2711	1	1	7	2	48.07	0	3.03	1	1	0	1	2	15	1	1	1	0	1	0	1	0	0	1	1	1	LumA
MB-2712	0	1	7	2	54.59	1	3.022	1	0	1	0	1	11	2	3	1	0	1	0	1	0	0	1	0	1	LumA
MB-2718	1	1	10	2	47.94	0	4.04	0	1	1	1	2	20	2	0	1	4	4	1	1	1	5	0	1	1	Basal
MB-2728	0	0	9	2	28.62	0	6.08	0	1	11	1	3	40	3	0	1	1	0	0	1	0	1	0	0	0	LumB
MB-2742	0	0	5	2	48.25	0	5.03	0	1	3	1	3	15	2	0	0	3	2	1	0	1	4	0	0	0	Her2
MB-2744	1	1	0	2	45.57	1	3.06	1	1	0	1	2	30	1	3	1	2	1	0	1	0	2	1	0	1	Normal
MB-2745	0	0	8	2	46.85	1	4.06	1	1	1	1	2	30	2	0	1	0	0	0	1	0	0	1	0	1	LumA
MB-2747	0	1	8	2	68.23	1	2.038	1	0	0	1	1	19	1	0	1	0	1	0	1	0	0	1	1	1	LumA
MB-2749	0	1	3	2	60.13	1	2.026	1	0	0	1	1	13	1	1	1	0	1	0	1	0	0	1	1	1	LumA
MB-2750	0	1	8	2	47.48	1	2.06	1	1	0	1	1	30	1	1	0	0	1	0	1	1	0	1	1	1	LumA
MB-2752	0	0	7	2	51.36	1	3.07	1	0	0	1	2	35	1	1	1	0	1	0	1	0	0	1	1	1	LumA
MB-2753	1	1	10	2	30.95	0	5.074	0	1	1	0	3	37	2	0	0	4	3	1	1	1	5	0	0	1	Basal
MB-2754	0	0	3	2	66.11	0	3.07	0	0	0	1	2	35	1	1	1	2	1	1	1	1	2	1	1	1	Normal
MB-2760	0	0	7	2	63.1	1	4.03	1	0	2	0	2	15	2	1	1	1	1	0	1	0	1	1	0	1	LumB
MB-2763	1	1	0	2	70.32	1	3.052	1	0	0	1	2	26	1	1	1	1	0	0	1	0	1	1	1	1	LumB
MB-2767	1	1	2	2	53.11	0	5.042	1	0	1	0	3	21	2	0	1	1	0	0	1	0	1	1	0	1	LumB
MB-2769	1	1	7	2	59.9	0	3.03	1	0	0	0	2	15	1	0	1	1	0	0	1	0	1	1	0	1	
MB-2770	1	1	8	2	60.32	1	5.09	1	0	5	0	2	45	3	3	1	0	1	0	1	0	0	1	1	1	LumA
MB-2772	0	1	6	2	54.4	1	4.034	1	0	0	0	3	17	1	1	2	1	0	0	1	0	1	1	0	1	LumB
MB-2774	0	1	7	2	66.06	1	5.07	1	0	7	1	2	35	3	1	2	1	0	0	1	0	1	1	1	1	LumB
MB-2779	1	1	10	2	36.8	0	3.04	1	1	0	0	2	20	1	0	1	0	0	0	1	0	0	1	0	1	LumA
MB-2781	0	1	1	2	64.32	0	4.06	1	0	1	1	2	30	2	1	0	1	0	0	1	0	1	1	1	0	LumB
MB-2790	1	1	8	2	47.03	0	3.05	1	1	0	1	2	25	1	1	1	0	0	0	1	0	0	1	1	1	LumA
MB-2791	1	1	3	2	40.79	0	3.034	1	1	0	0	2	17	1	0	1	0	1	0	1	0	0	1	0	1	LumA
MB-2792	0	0	9	2	50.38	0	4.07	1	0	1	1	2	35	2	2	0	3	0	0	1	0	4	1	1	1	Her2
MB-2793	1	1	8	2	67.62	1	3.05	1	0	0	1	2	25	1	0	1	1	0	0	1	0	1	1	1	1	LumB
MB-2803	0	0	8	2	63.01	1	3.036	1	0	0	0	2	18	1	0	1	1	0	0	1	1	1	1	0	1	LumB
MB-2814	0	1	3	2	65.25	1	3.026	1	0	0	0	2	13	1	1	0	1	0	0	1	0	1	1	0	1	LumB
MB-2819	1	1	7	2	61.95	0	2.038	1	0	0	1	1	19	1	0	1	0	1	0	1	0	0	1	1	1	LumA
MB-2820	1	1	3	2	40.06	0	4.036	1	1	0	0	3	18	1	1	1	0	4	0	1	0	0	1	0	1	LumA
MB-2827	1	1	10	2	36.5	1	5.022	0	1	1	1	3	11	2	1	1	4	3	1	1	1	5	0	0	1	Basal
MB-2834	0	1	3	2	56.85	0	4.018	1	0	1	0	2	9	1	0	1	3	3	1	1	1	4	1	0	1	Her2
MB-2835	0	1	3	2	59.84	1	4.04	1	0	0	1	3	20	1	1	1	0	1	0	1	0	0	1	1	0	LumA
MB-2838	1	1	8	2	67.12	1	3.054	1	0	0	1	2	27	1	0	2	0	0	0	1	0	0	1	1	1	LumA
MB-2840	1	1	3	2	60.48	0	3.028	1	0	0	1	2	14	1	1	1	0	1	0	1	1	0	1	1	1	LumA
MB-2842	0	0	9	2	58.48	1	5.054	0	0	1	1	3	27	2	0	1	4	3	1	1	1	5	0	0	0	Basal
MB-2843	0	1	2	2	61.08	1	3.026	1	0	0	0	2	13	1	1	1	0	1	0	1	1	0	1	0	1	LumA
MB-2844	1	1	9	2	60.76	1	4.038	1	0	0	1	3	19	1	0	0	1	2	0	1	1	1	1	1	1	LumB
MB-2846	0	0	0	2	58.85	0	3.01	0	0	0	1	2	5	1	3	1	4	3	0	1	1	5	1	1	1	Basal
MB-2847	0	0	5	2	65.04	0	6.07	1	0	18	1	3	35	3	0	0	3	2	1	0	1	4	1	0	0	Her2
MB-2848	0	1	3	2	60.11	1	4.03	1	0	1	1	2	15	2	1	1	0	1	0	1	0	0	1	1	1	LumA
MB-2849	0	0	9	2	60.65	1	4.052	0	0	0	1	3	26	1	1	1	4	3	1	1	1	5	1	0	0	Basal
MB-2851	0	0	0	2	58.69	1	4.032	1	0	0	0	3	16	1	0	1	0	1	0	1	0	0	1	0	1	LumA
MB-2853	1	1	6	2	36.25	1	3.046	1	1	0	0	2	23	1	1	1	1	0	0	1	1	1	1	0	1	LumB
MB-2854	1	1	7	2	61.53	0	3.044	1	0	0	1	2	22	1	0	1	0	1	0	1	1	0	1	1	1	LumA
MB-2901	0	0	8	2	49.83	0	3.05	1	1	0	0	2	25	1	0	1	1	4	0	1	0	1	1	0	1	LumB
MB-2912	1	1	10	2	59.6	1	6.04	0	0	5	0	3	20	3	0	1	4	3	1	1	1	5	0	0	1	Basal
MB-2916	1	1	3	2	48.93	0	2.032	1	1	0	0	1	16	1	0	1	0	1	0	1	0	0	1	0	1	LumA
MB-2917	0	0	10	2	33.9	0	5.06	0	1	2	1	3	30	2	0	1	4	3	1	1	1	5	0	0	0	Basal
MB-2919	0	1	8	2	59.13	0	2.04	1	0	0	1	1	20	1	2	1	1	1	0	1	0	1	1	1	1	LumB
MB-2923	0	0	5	2	37.01	1	6.074	0	1	5	1	3	37	3	3	0	3	2	1	0	1	4	0	0	0	Her2
MB-2927	0	0	1	2	58.14	0	2.026	1	0	0	0	1	13	1	3	2	0	0	0	1	0	0	1	1	1	LumA
MB-2929	0	1	0	2	53.31	0	4.04	0	0	1	1	2	20	2	3	1	3	3	1	1	1	4	0	0	1	Her2
MB-2931	0	1	8	2	46.9	0	3.034	1	1	0	1	2	17	1	3	1	1	1	0	1	0	1	1	1	1	LumB
MB-2933	0	1	3	2	44.08	0	2.03	1	1	0	1	1	15	1	0	1	0	1	0	1	0	0	1	1	1	LumA
MB-2939	0	1	5	2	70.19	1	5.034	1	0	1	1	3	17	2	3	0	1	4	0	0	0	1	1	1	1	LumB
MB-2951	1	1	1	2	39.07	1	3.03	1	1	0	0	2	15	1	0	1	0	0	0	1	0	0	1	0	1	LumA
MB-2952	0	1	8	2	52.67	0	2.024	1	0	0	0	1	12	1	0	1	0	4	0	1	0	0	1	0	1	LumA
MB-2953	0	0	10	2	43.08	1	3.036	1	1	0	0	2	18	1	0	1	1	0	0	1	0	1	1	0	0	LumB
MB-2954	0	0	8	2	69.79	0	4.06	1	0	3	1	2	30	2	1	1	1	0	0	1	0	1	1	0	0	LumB
MB-2960	0	1	6	2	69.67	0	4.05	1	0	0	1	3	25	1	1	1	0	1	0	1	1	0	1	1	1	LumA
MB-2969	0	1	3	2	66.86	1	3.026	1	0	0	1	2	13	1	0	2	0	1	0	1	0	0	1	0	1	LumA
MB-2977	0	1	7	2	40.02	1	2.03	1	1	0	0	1	15	1	0	1	0	1	0	1	0	0	1	1	1	LumA
MB-2983	0	1	5	2	56.26	0	4.03	1	0	1	0	2	15	2	1	0	1	2	0	0	0	1	1	0	1	LumB
MB-2984	1	1	9	2	64.04	0	4.04	1	0	0	0	3	20	1	1	0	1	2	0	0	1	1	1	0	1	LumB
MB-2990	1	1	8	2	48.47	1	2.03	1	1	0	1	1	15	1	2	1	0	1	0	1	0	0	1	1	1	LumA
MB-2994	1	1	5	2	46.7	0	5.036	1	1	1	0	3	18	2	1	0	0	2	0	0	0	0	1	0	1	LumA
MB-2996	1	1	7	2	58.1	0	4.032	1	0	0	0	3	16	1	0	1	0	1	0	1	0	0	1	0	1	LumA
MB-3005	1	1	8	2	45.75	0	3.046	1	1	0	0	2	23	1	1	1	0	1	0	1	0	0	1	0	1	LumA
MB-3007	0	0	2	2	48.48	0	3.024	1	1	0	1	2	12	1	1	0	1	0	0	1	0	1	1	1	1	LumB
MB-3008	1	1	8	2	51.94	0	2.024	1	0	0	0	1	12	1	1	1	0	1	0	1	0	0	1	0	1	LumA
MB-3014	1	1	1	2	39.7	0	5.03	0	1	1	0	3	15	2	0	1	4	3	1	1	1	5	0	0	1	Basal
MB-3016	1	1	2	2	56.83	1	4.02	1	0	0	1	3	10	1	0	1	1	0	0	1	0	1	1	1	1	LumB
MB-3021	0	1	8	2	63.08	1	5.044	1	0	1	0	3	22	1	1	1	0	0	0	1	0	0	1	0	1	LumA
MB-3025	1	1	5	2	37.89	0	5.026	0	1	1	0	3	13	2	0	0	3	2	1	0	1	4	0	0	1	Her2
MB-3028	0	0	9	2	60.93	2	4.034	1	0	0	0	3	17	1	0	0	1	0	0	0	1	1	1	0	0	LumB
MB-3031	0	0	5	2	46.76	1	5.042	0	1	2	1	3	21	2	0	0	3	0	0	0	1	4	0	0	0	Her2
MB-3033	0	0	3	2	69.07	1	3.038	1	0	0	1	2	19	1	0	1	0	1	0	1	0	0	1	1	1	LumA
MB-3035	1	1	7	2	54.64	1	3.044	1	0	0	0	2	22	1	0	2	0	1	0	1	1	0	1	0	1	LumA
MB-3037	1	1	3	2	53.19	0	3.026	1	0	0	0	2	13	1	0	1	0	1	0	1	0	0	1	0	1	LumA
MB-3046	0	1	10	2	67.2	0	4.07	0	0	0	1	3	35	1	1	1	4	3	1	1	1	5	1	1	1	Basal
MB-3049	1	1	7	2	57.17	1	3.032	1	0	0	0	2	16	1	1	1	0	1	0	1	0	0	1	0	1	LumA
MB-3050	0	1	2	2	59.53	1	4.06	1	0	0	1	3	30	1	1	1	1	0	0	1	1	1	1	1	1	LumB
MB-3057	0	0	10	2	55.3	1	5.086	0	0	1	1	3	43	2	0	1	4	3	1	1	1	5	0	0	0	Basal
MB-3058	1	1	0	2	47.74	1	5.08	0	1	2	1	3	40	2	1	1	4	3	1	1	1	5	0	0	1	Basal
MB-3063	0	0	10	2	43.51	1	6.04	0	1	6	0	3	20	3	0	1	4	3	1	1	1	5	0	0	0	Basal
MB-3064	0	0	0	2	46.7	0	2.04	1	1	0	1	1	20	1	0	1	0	1	0	1	0	0	1	1	1	LumA
MB-3079	1	1	8	2	50.54	1	3.03	1	0	0	1	2	15	1	0	1	0	1	0	1	0	0	1	0	1	LumA
MB-3083	0	0	1	2	68.5	1	5.06	1	0	2	1	3	30	2	0	1	1	0	0	1	0	1	1	0	1	LumB
MB-3085	0	0	0	2	43.68	1	3.05	1	1	0	1	2	25	1	1	1	2	1	0	1	0	2	1	0	1	Normal
MB-3088	1	1	7	2	65.58	0	3.038	1	0	0	0	2	19	1	0	1	0	4	0	1	0	0	1	1	1	LumA
MB-3102	1	1	9	2	60.34	1	4.04	1	0	2	0	2	20	2	0	1	0	0	0	1	0	0	1	0	1	LumA
MB-3104	0	0	5	2	28.96	1	3.04	1	1	0	1	2	20	1	1	0	0	0	0	0	1	0	1	0	1	LumA
MB-3105	1	1	3	2	48.34	0	3.054	1	1	2	1	1	27	2	0	1	0	1	0	1	0	0	1	1	1	LumA
MB-3110	1	1	3	2	61.07	1	4.032	1	0	2	0	2	16	2	0	1	0	1	0	1	1	0	1	0	1	LumA
MB-3121	0	1	3	2	63.06	0	2.024	1	0	0	0	1	12	1	0	1	0	1	0	1	0	0	1	1	1	LumA
MB-3122	1	1	9	2	62.39	1	4.034	1	0	0	1	3	17	1	0	0	3	2	0	1	1	4	1	1	1	Her2
MB-3153	1	1	10	2	42.17	1	5.032	0	1	1	1	3	16	2	3	1	4	3	1	1	1	5	0	0	1	Basal
MB-3165	1	1	1	2	59.78	0	5.056	0	0	1	0	3	28	2	1	2	4	3	0	1	1	5	0	0	1	Basal
MB-3167	1	1	8	2	66.76	0	4.032	1	0	1	1	2	16	1	1	0	0	0	0	1	0	0	1	0	1	LumA
MB-3171	0	0	7	2	54.95	0	3.026	1	0	0	1	2	13	1	1	1	0	1	0	1	0	0	1	1	1	LumA
MB-3211	1	1	10	2	58.31	1	4.026	0	0	0	0	3	13	1	0	1	4	3	1	1	1	5	1	0	1	Basal
MB-3218	1	1	10	2	44.94	0	5.034	0	1	1	1	3	17	2	0	1	4	4	1	1	1	5	0	0	1	Basal
MB-3228	1	1	0	2	58.31	0	3.034	1	0	0	0	2	17	1	0	1	0	1	0	1	0	0	1	0	1	LumA
MB-3235	1	1	5	2	50.66	1	4.034	1	0	0	0	3	17	1	1	0	1	0	0	0	0	1	1	0	1	LumB
MB-3252	1	1	3	2	41.4	0	2.04	1	1	0	0	1	20	1	3	1	0	1	0	1	0	0	1	1	1	LumA
MB-3253	0	0	9	2	56.81	0	5.052	1	0	3	0	3	26	2	1	1	1	0	0	1	0	1	1	0	0	LumB
MB-3254	1	1	3	2	50.21	0	2.036	1	0	0	0	1	18	1	0	1	0	1	0	1	0	0	1	0	1	LumA
MB-3266	0	0	1	2	52.91	1	5.034	1	0	1	1	3	17	2	2	0	1	0	0	1	0	1	1	0	0	LumB
MB-3275	0	0	1	2	45	0	4.056	1	1	0	1	3	28	1	1	1	1	0	0	1	0	1	1	1	0	LumB
MB-3277	0	0	1	2	29.92	0	5.06	0	1	3	1	3	30	2	0	1	4	3	1	1	1	5	0	0	0	Basal
MB-3295	0	1	0	2	60.42	0	4.05	1	0	0	1	3	25	1	2	1	2	1	0	1	0	2	1	1	1	Normal
MB-3297	1	1	10	2	42.72	0	5.05	0	1	1	1	3	25	2	2	1	4	3	1	1	1	5	0	0	1	Basal
MB-3298	1	1	3	2	48.75	1	3.03	1	1	0	1	2	15	1	0	1	0	1	0	1	0	0	1	1	1	LumA
MB-3300	1	1	7	2	64.99	0	3.038	1	0	0	1	2	19	1	1	1	1	0	0	1	1	1	1	1	1	LumB
MB-3301	1	1	8	2	49.5	0	3.064	1	1	0	1	2	32	1	3	1	1	0	0	1	0	1	1	1	1	LumB
MB-3328	0	1	7	2	69.65	1	4.07	1	0	1	0	2	35	2	0	1	0	1	0	1	1	0	1	0	1	LumA
MB-3329	0	0	5	2	56.03	1	4.04	0	0	0	1	3	20	1	1	0	3	2	1	0	1	4	1	0	0	Her2
MB-3341	0	0	8	2	62.96	0	3.06	1	0	0	1	2	30	1	0	1	0	0	0	1	0	0	1	1	1	LumA
MB-3350	0	1	3	2	62.62	0	3.06	1	0	0	1	2	30	1	1	1	1	0	0	1	0	1	1	1	1	LumB
MB-3351	1	1	3	2	39.4	1	3.034	1	1	0	1	2	17	1	0	1	0	1	0	1	0	0	1	1	1	LumA
MB-3357	0	0	9	2	47.75	0	4.05	1	1	0	0	3	25	1	0	0	1	0	0	1	0	1	1	0	0	LumB
MB-3360	0	0	5	2	48.48	1	4.056	1	1	0	0	3	28	1	0	0	1	2	0	0	0	1	1	0	0	LumB
MB-3361	0	0	5	2	57.31	1	4.032	1	0	0	0	3	16	1	0	0	1	2	0	0	1	1	1	0	1	LumB
MB-3371	1	1	8	2	66.15	0	3.032	1	0	0	0	2	16	1	0	0	1	0	0	1	1	1	1	0	1	LumB
MB-3378	0	1	0	2	65.5	1	3.036	1	0	0	1	2	18	1	0	1	0	1	0	1	0	0	1	1	1	LumA
MB-3382	1	1	5	2	61.26	2	4.08	1	0	0	1	3	40	1	0	0	1	2	0	0	1	1	1	1	1	LumB
MB-3396	0	1	0	2	59.29	0	5.05	1	0	9	1	2	25	3	2	1	2	1	0	1	0	2	1	1	0	Basal
MB-3402	0	0	1	2	41.17	1	5.056	0	1	3	1	3	28	2	0	0	1	0	0	1	0	1	0	0	0	LumB
MB-3403	1	1	3	2	50.92	1	4.034	1	0	1	0	2	17	2	1	1	0	1	0	1	0	0	1	0	1	LumA
MB-3412	1	1	8	2	55.28	0	6.052	1	0	7	0	3	26	3	0	1	0	1	0	1	1	0	1	0	1	LumA
MB-3417	1	1	7	2	59.16	0	3.04	1	0	0	0	2	20	1	3	1	1	0	0	1	0	1	1	0	1	LumB
MB-3429	1	1	0	2	49.08	1	4.052	1	1	1	1	2	26	2	1	1	2	1	0	1	1	2	1	1	1	Normal
MB-3430	0	1	3	2	68.86	0	5.05	1	0	1	0	3	25	2	0	1	0	0	0	1	0	0	1	0	1	LumA
MB-3435	0	0	5	2	37.05	0	5.06	0	1	1	1	3	30	2	0	0	3	2	1	0	1	4	0	0	0	Her2
MB-3436	0	0	1	2	38.2	2	6.26	0	1	6	1	3	130	3	0	2	1	4	0	1	0	1	0	0	0	LumB
MB-3437	1	1	0	2	70.52	0	4.042	1	0	0	1	3	21	1	1	1	1	0	0	1	0	1	1	0	1	LumB
MB-3439	1	1	8	2	43.67	1	4.034	1	1	1	1	2	17	2	1	1	0	1	0	1	0	0	1	1	1	LumA
MB-3452	0	0	2	2	64.04	0	4.06	1	0	0	1	3	30	1	0	1	2	1	0	1	1	2	1	1	1	Normal
MB-3453	0	0	10	2	51.36	1	5.07	0	0	1	1	3	35	2	0	1	4	3	1	1	1	5	0	0	0	Basal
MB-3462	1	1	3	2	40.92	0	4.032	1	1	2	1	2	16	2	1	1	0	1	0	1	0	0	1	0	1	LumA
MB-3467	0	0	5	2	21.93	1	5.07	0	1	6	1	2	35	3	0	0	3	2	1	0	1	4	0	0	0	Her2
MB-3470	0	0	5	2	56.4	2	5.11	0	0	2	1	3	55	2	0	0	3	2	1	0	1	4	0	0	1	Her2
MB-3490	0	0	3	2	45.74	1	3.04	1	1	0	0	2	20	1	0	1	1	0	0	1	0	1	1	1	1	LumB
MB-3492	0	0	1	2	62.09	1	5.04	1	0	1	0	3	20	2	1	1	1	0	0	1	0	1	1	0	1	LumB
MB-3497	0	0	5	2	53.5	0	6.062	0	0	5	1	3	31	3	0	0	3	2	1	0	1	4	0	0	0	Her2
MB-3500	1	1	10	2	66.91	1	4.06	0	0	0	1	3	30	1	1	1	4	3	1	1	1	5	1	1	1	Basal
MB-3502	1	1	10	2	50.79	0	5.054	0	0	3	1	3	27	2	1	1	4	3	1	1	1	5	0	0	1	Basal
MB-3506	1	1	1	2	39.28	1	5.032	1	1	1	1	3	16	2	0	2	1	0	0	1	0	1	1	0	1	LumB
MB-3510	0	1	7	2	67.6	0	3.04	1	0	1	0	1	20	2	0	1	0	1	0	1	0	0	1	0	0	LumA
MB-3545	0	0	7	2	49.84	0	4.042	1	1	0	1	3	21	1	1	1	0	1	0	1	0	0	1	0	1	LumA
MB-3548	0	1	3	2	66.85	0	4.04	1	0	1	1	2	20	2	0	1	0	0	0	1	0	0	1	1	1	LumA
MB-3556	0	0	1	2	51.76	1	5.16	0	0	2	1	3	80	2	0	0	3	0	1	0	1	4	0	0	0	Her2
MB-3576	0	0	6	2	53.04	0	4.074	1	0	0	1	3	37	1	0	1	3	0	0	1	1	4	1	1	0	Her2
MB-3600	1	1	9	2	60.15	0	4.024	1	0	1	0	2	12	2	0	1	1	0	0	1	0	1	1	0	1	LumB
MB-3614	1	1	1	2	63.95	0	5.068	1	0	3	1	3	34	2	1	1	1	0	0	1	0	1	1	0	1	LumB
MB-3706	0	0	10	2	55.71	1	4.036	0	0	0	0	3	18	1	0	1	4	3	1	1	1	5	1	0	0	Basal
MB-3711	1	1	3	2	41.52	0	2.04	1	1	0	1	1	20	1	0	0	0	1	0	1	0	0	1	1	1	LumA
MB-3748	1	1	0	2	51.01	0	4.03	1	0	0	1	3	15	1	1	1	0	1	0	1	0	0	1	0	1	LumA
MB-3754	0	0	1	2	57.01	0	4.05	1	0	0	1	3	25	1	1	1	1	0	0	1	1	1	1	1	1	LumB
MB-3781	1	1	8	2	48.16	1	3.036	1	1	0	0	2	18	1	0	1	0	1	0	1	0	0	1	0	1	LumA
MB-3824	0	0	2	2	49.45	1	4.044	1	1	0	1	3	22	1	0	1	1	0	0	1	0	1	1	0	1	LumB
MB-3838	0	0	8	2	60.45	0	4.046	1	0	0	0	3	23	1	0	1	1	0	0	1	0	1	1	0	1	LumB
MB-3840	1	1	6	2	53.89	0	3.032	1	0	0	0	2	16	1	0	1	1	0	0	1	1	1	1	0	1	LumB
MB-3842	1	1	1	2	54.6	0	5.048	1	0	1	0	3	24	2	0	1	1	0	0	1	1	1	1	0	1	LumB
MB-3850	1	1	0	2	65.89	0	3.04	1	0	0	1	2	20	1	1	0	0	1	0	0	0	0	1	1	1	LumA
MB-3852	1	1	0	2	43.56	1	4.046	1	1	0	0	3	23	1	0	0	0	0	0	0	0	0	1	0	1	LumA
MB-3854	1	1	3	2	63.82	1	2.024	0	0	0	0	1	12	1	0	1	0	1	0	1	0	0	1	1	1	LumA
MB-3866	1	1	5	2	54.29	1	4.024	0	0	0	0	3	12	1	0	0	3	2	1	0	1	4	1	0	1	Her2
MB-3871	0	1	8	2	62.03	0	4.052	1	0	1	1	2	26	2	0	1	0	1	0	1	0	0	1	1	1	LumA
MB-3874	1	1	7	2	35.5	1	3.03	1	1	0	0	2	15	1	1	1	0	1	0	1	0	0	1	0	1	LumA
MB-3978	0	0	5	2	57.91	1	4.026	0	0	0	0	3	13	1	3	0	3	2	1	0	1	4	1	0	1	Her2
MB-4000	0	1	0	3	76.96	0	3.04	1	0	0	0	2	20	1	0	1	0	1	0	1	1	0	1	0	0	LumA
MB-4001	0	0	7	3	74.51	1	3.08	1	0	0	1	2	40	2	0	1	0	0	0	1	1	0	1	0	0	LumA
MB-4003	0	0	6	3	70.31	1	3.04	1	0	0	1	2	20	1	0	1	3	0	0	1	0	4	1	0	1	Her2
MB-4004	0	0	9	3	61.16	0	4.03	1	0	0	0	3	15	1	0	1	1	0	0	1	0	1	1	0	1	LumB
MB-4008	0	0	2	3	64.91	0	5.07	1	0	3	1	3	35	2	1	0	1	4	0	1	0	1	1	1	0	LumB
MB-4012	0	1	8	3	63.23	1	3.05	0	0	0	0	2	25	2	0	1	3	1	1	0	1	4	1	0	1	Her2
MB-4015	0	0	0	3	76.13	0	3.06	0	0	0	1	2	30	2	1	2	3	4	1	1	1	4	1	1	0	Her2
MB-4017	0	1	6	3	76.17	0	5.08	1	0	3	1	3	40	2	0	1	1	0	0	1	1	1	1	1	1	LumB
MB-4018	0	0	7	3	71.32	0	5.04	1	0	10	1	2	20	2	1	1	0	1	0	1	0	0	1	1	1	LumA
MB-4024	1	1	1	3	56.14	0	4.05	0	0	0	0	3	25	2	0	2	4	4	1	1	1	5	1	0	1	Basal
MB-4033	0	0	0	3	82.17	0	5.044	1	0	5	0	2	22	3	0	1	0	4	0	1	0	0	1	0	0	LumA
MB-4046	0	1	8	3	59.24	0	3.026	1	0	0	1	2	13	1	1	1	3	0	0	1	0	4	1	1	1	Her2
MB-4059	0	1	3	3	50.23	1	3.05	1	0	0	0	2	25	2	0	1	2	4	0	1	0	2	1	0	1	Normal
MB-4079	0	1	7	3	63.17	1	4.044	1	0	0	1	3	22	2	0	1	3	4	0	1	0	4	1	0	1	Her2
MB-4091	0	1	0	3	74.45	0	4.06	1	0	0	1	3	30	2	1	1	0	4	0	1	0	0	1	1	1	LumA
MB-4098	1	1	7	3	68.55	1	2.1	1	0	0	1	2	50	2	0	1	3	4	0	1	1	4	1	1	1	Her2
MB-4119	0	0	7	3	65.46	0	4.04	1	0	1	1	2	20	2	1	1	3	4	0	1	1	4	1	0	1	Her2
MB-4120	0	1	8	3	56.19	1	3.02	1	0	0	1	2	10	2	0	1	0	1	0	1	0	0	1	1	1	LumA
MB-4126	0	1	7	3	73.2	1	1.06	1	0	0	1	2	30	2	1	1	3	4	0	1	0	4	1	0	1	Her2
MB-4127	0	1	5	3	54.35	1	6.08	0	0	6	1	3	40	3	0	0	3	2	1	0	1	4	0	0	1	Her2
MB-4139	0	1	8	3	63.05	1	2.04	1	0	0	1	2	20	1	0	1	1	0	0	1	0	1	1	1	1	LumB
MB-4141	0	0	7	3	58.32	0	4.03	1	0	0	1	3	15	2	2	1	3	1	0	1	0	4	1	0	1	Her2
MB-4145	0	1	0	3	60.33	1	1.04	1	0	0	0	2	20	1	0	1	3	1	0	1	0	4	1	0	1	Her2
MB-4146	0	0	0	3	43.06	0	6.04	0	1	13	1	3	20	2	1	1	4	3	1	1	1	5	0	0	0	Basal
MB-4148	0	0	9	3	57.85	0	5.07	1	0	16	1	2	35	2	1	1	1	0	0	1	0	1	1	1	1	LumB
MB-4154	0	1	0	3	54.22	0	4.06	1	0	0	1	3	30	2	1	1	1	0	0	1	0	1	1	0	0	LumB
MB-4171	0	0	9	3	64.21	1	4.086	1	0	0	1	3	43	2	0	0	3	0	0	1	1	4	1	1	1	Her2
MB-4173	0	1	7	3	74.31	0	4.02	1	0	2	1	2	10	2	1	1	0	1	0	1	0	0	1	0	1	LumA
MB-4189	0	1	2	3	60.99	1	2	1	0	1	2	2	0	2	0	1	3	4	0	1	0	4	1	0	1	Her2
MB-4212	1	1	0	3	45.5	1	3.04	1	1	0	1	2	20	2	2	1	0	1	0	1	0	0	1	1	1	LumA
MB-4213	0	0	0	3	67.02	1	3.06	1	0	0	0	2	30	2	0	1	1	4	0	1	1	1	1	0	1	LumB
MB-4222	0	0	8	3	58.8	0	2.08	1	0	0	1	1	40	2	0	2	3	4	0	1	0	4	1	1	0	Her2
MB-4230	0	1	7	3	75.87	1	3.1	1	0	0	0	2	50	2	1	1	0	1	0	1	1	0	1	0	1	LumA
MB-4233	0	0	9	3	54.01	1	5.06	1	0	5	1	2	30	2	1	1	1	0	0	1	1	1	1	0	0	LumB
MB-4234	0	1	0	3	68.25	0	4.08	1	0	0	1	3	40	2	1	1	0	4	0	1	0	0	1	1	1	LumA
MB-4235	0	0	10	3	67.46	1	3.04	1	0	0	1	2	20	1	1	1	4	4	0	1	1	5	1	1	1	Basal
MB-4236	0	1	9	3	73.91	1	5.036	1	0	1	1	3	18	2	0	1	3	0	0	1	1	4	1	0	1	Her2
MB-4254	1	1	10	3	68.7	1	4.06	0	0	0	1	3	30	2	0	1	4	4	1	1	1	5	1	1	1	Basal
MB-4264	0	1	7	3	72.17	1	4.04	1	0	1	1	2	20	2	1	0	0	0	0	1	0	0	1	0	1	LumA
MB-4266	0	0	6	3	28.04	1	4.09	0	1	0	1	3	45	2	0	1	0	0	0	1	1	0	1	1	0	LumA
MB-4270	0	0	9	3	37.85	1	5.036	0	1	4	1	2	18	2	3	0	3	2	0	0	0	4	0	0	1	Her2
MB-4274	0	0	8	3	74.32	1	4.04	1	0	3	1	2	20	2	0	1	1	0	0	1	0	1	1	0	0	LumB
MB-4276	0	0	5	3	55.07	0	4.07	1	0	1	1	2	35	2	0	0	3	2	0	0	0	4	1	0	1	Her2
MB-4278	0	1	3	3	68.32	1	4.06	1	0	0	1	3	30	2	1	1	3	4	0	1	0	4	1	1	1	Her2
MB-4281	0	1	9	3	60	0	5.046	1	0	1	1	3	23	2	1	0	3	0	0	1	1	4	1	0	1	Her2
MB-4282	1	1	9	3	49.61	1	4.02	1	1	0	0	3	10	1	0	1	0	4	0	1	0	0	1	0	0	LumA
MB-4283	1	1	8	3	55.62	0	4.08	1	0	2	1	2	40	2	1	1	0	1	0	1	0	0	1	0	1	LumA
MB-4289	0	0	2	3	65.49	0	2.04	1	0	0	1	1	20	1	1	0	3	0	0	0	1	4	1	0	1	Her2
MB-4293	0	1	8	3	54.16	0	3.06	1	0	0	1	2	30	2	1	1	0	1	0	1	1	0	1	0	1	LumA
MB-4300	1	1	6	3	70.58	0	5.06	1	0	1	1	3	30	2	1	1	3	4	0	1	1	4	1	0	1	Her2
MB-4306	0	1	3	3	69.19	0	2.042	1	0	0	1	1	21	2	0	1	0	4	0	1	0	0	1	1	1	LumA
MB-4310	0	1	7	3	76.51	0	2.1	1	0	0	1	1	50	2	0	1	0	0	0	1	0	0	1	0	1	LumA
MB-4313	0	0	0	3	58.02	0	6.08	1	0	5	1	3	40	2	1	1	0	4	0	1	0	0	1	0	1	LumA
MB-4317	1	1	5	3	51.93	1	3.1	1	0	0	1	2	50	2	1	0	3	4	0	0	0	4	1	1	1	Her2
MB-4318	0	1	1	3	72.44	0	5.04	1	0	1	1	3	20	2	1	1	1	4	0	1	0	1	1	0	0	LumB
MB-4322	0	1	7	3	63.39	0	4.06	1	0	1	1	2	30	2	0	2	0	4	0	1	1	0	1	0	1	LumA
MB-4323	0	1	8	3	80.04	1	3.06	1	0	8	1	2	30	2	0	1	0	0	0	1	0	0	1	1	1	LumA
MB-4328	0	1	7	3	64.12	1	4.06	1	0	1	1	2	30	2	2	1	0	4	0	1	0	0	1	0	1	LumA
MB-4331	0	1	1	3	63.34	0	5.04	1	0	2	1	3	20	2	1	0	3	4	0	1	1	4	1	0	1	Her2
MB-4333	0	1	3	3	64.5	1	2.05	1	0	0	1	1	25	2	1	1	0	4	0	1	1	0	1	1	1	LumA
MB-4339	0	0	8	3	74.98	0	3.04	1	0	0	1	2	20	1	0	1	1	4	0	1	0	1	1	0	1	LumB
MB-4341	0	0	5	3	35.14	1	6.08	0	1	18	1	3	40	2	1	0	3	4	1	0	1	4	0	0	0	Her2
MB-4342	0	1	0	3	73.2	0	2.124	1	0	3	1	2	62	3	1	1	0	1	0	1	1	0	1	0	1	LumA
MB-4343	0	1	0	3	68.09	0	4.05	0	0	0	1	3	25	2	1	1	3	1	0	1	1	4	1	1	1	Her2
MB-4348	0	0	5	3	61.57	1	6.08	1	0	4	1	3	40	2	1	0	3	4	0	0	1	4	1	0	1	Her2
MB-4350	0	0	5	3	35.64	0	5.03	0	1	3	0	3	15	2	1	0	3	4	1	0	1	4	0	0	0	Her2
MB-4351	0	0	1	3	70.27	1	4.04	1	0	0	0	3	20	1	1	1	3	4	1	1	1	4	1	0	1	Her2
MB-4353	0	0	8	3	59.23	1	5.06	1	0	1	1	3	30	2	1	1	1	4	0	1	0	1	1	1	1	LumB
MB-4354	0	0	1	3	55.01	0	4.07	1	0	2	1	2	35	2	1	1	3	4	1	1	1	4	1	0	0	Her2
MB-4357	0	0	0	3	77.12	1	5.04	1	0	2	1	3	20	2	1	1	0	1	0	1	1	0	1	0	1	LumA
MB-4360	0	0	5	3	59.16	0	4.016	0	0	0	0	3	8	3	1	0	3	4	1	0	1	4	0	0	0	Her2
MB-4368	0	0	8	3	74.6	1	4.05	1	0	3	1	2	25	2	0	1	0	4	0	1	0	0	1	0	1	LumA
MB-4374	0	1	7	3	77.51	0	4.06	1	0	0	1	3	30	2	1	1	0	4	0	1	0	0	1	0	0	LumA
MB-4375	1	1	3	3	40.04	0	3.032	1	1	0	1	2	16	1	1	1	2	4	0	1	0	2	1	1	1	Normal
MB-4381	0	0	7	3	59.75	1	3.04	1	0	3	1	1	20	2	0	1	2	4	0	1	0	2	1	0	1	Normal
MB-4390	0	1	8	3	68.49	0	5.06	1	0	4	1	2	30	2	0	1	0	4	0	1	0	0	1	0	1	
MB-4395	0	0	1	3	45.21	1	4.06	1	1	0	1	3	30	2	0	1	3	4	0	1	0	4	1	1	1	Her2
MB-4407	0	0	10	3	44.4	0	4.02	0	1	0	1	3	10	1	1	1	4	4	1	1	1	5	1	0	1	Basal
MB-4408	0	1	9	3	71.66	0	4.04	0	0	0	1	3	20	2	0	1	4	3	1	1	1	5	1	1	1	Basal
MB-4417	0	1	10	3	68.16	0	4.064	0	0	0	1	3	32	2	1	1	4	4	1	1	1	5	1	1	0	Basal
MB-4421	0	1	7	3	69.01	0	3.02	1	0	0	1	2	10	1	0	0	0	0	0	1	0	0	1	0	1	LumA
MB-4426	0	1	7	3	70.84	0	5.09	1	0	1	1	3	45	2	1	1	4	4	0	1	0	5	1	0	1	Basal
MB-4434	0	0	9	3	74.84	1	5.05	1	0	1	1	3	25	2	1	1	3	4	0	1	1	4	1	0	1	Her2
MB-4442	1	1	8	3	47.29	1	3.03	1	1	0	1	2	15	1	0	1	0	4	0	1	0	0	1	1	1	LumA
MB-4484	0	0	3	3	66.23	0	4.11	1	0	0	1	3	55	2	0	1	2	4	0	1	0	2	1	0	0	Normal
MB-4529	0	1	3	3	61.21	0	2.03	1	0	0	0	1	15	1	2	1	0	1	0	1	1	0	1	0	1	LumA
MB-4548	1	1	0	3	50.42	0	5.002	0	0	1	0	3	1	2	1	0	3	4	1	0	1	4	0	0	1	Her2
MB-4557	1	1	8	3	51.25	0	2.06	1	0	0	0	1	30	2	0	1	0	4	0	1	0	0	1	0	1	LumA
MB-4564	0	1	7	3	74.67	1	6.036	1	0	7	1	3	18	2	0	1	0	4	0	1	0	0	1	0	1	LumA
MB-4578	0	1	7	3	72.74	0	4.09	1	0	1	0	2	45	2	0	1	0	4	0	1	0	0	1	0	1	LumA
MB-4591	0	1	9	3	71.93	1	4.05	1	0	0	0	3	25	2	0	1	1	4	0	1	0	1	1	0	0	LumB
MB-4593	1	1	8	3	48.44	1	3.03	1	1	0	0	2	15	1	1	1	0	4	0	1	0	0	1	0	1	LumA
MB-4598	0	0	8	3	67.92	1	5.05	1	0	6	0	2	25	2	1	1	1	4	0	1	0	1	1	0	1	LumB
MB-4599	1	1	8	3	63.83	1	5.08	1	0	3	1	3	40	2	0	1	0	1	0	1	0	0	1	0	1	LumA
MB-4601	0	0	5	3	39.14	1	5.06	0	1	2	1	3	30	2	2	0	4	4	1	0	1	5	0	1	0	Basal
MB-4602	0	0	1	3	58.38	1	5.04	1	0	2	0	3	20	2	1	1	1	4	0	1	0	1	1	0	1	LumB
MB-4603	1	1	8	3	42.79	0	3.03	1	1	0	0	2	15	1	1	1	2	4	0	1	0	2	1	0	1	Normal
MB-4607	1	1	8	3	55.42	0	3.03	1	0	0	0	2	15	1	1	1	0	4	0	1	1	0	1	0	1	LumA
MB-4616	0	0	8	3	71.47	0	3.04	1	0	0	0	2	20	1	0	1	0	1	0	1	0	0	1	0	1	LumA
MB-4618	1	1	1	3	40.05	1	3.024	1	1	0	0	2	12	1	0	0	1	0	0	1	0	1	1	0	1	LumB
MB-4621	1	1	10	3	39.51	1	6.106	0	1	6	1	3	53	3	2	1	4	3	1	1	1	5	0	1	1	Basal
MB-4623	0	1	3	3	61.88	0	5.02	1	0	4	0	2	10	2	0	1	0	0	0	1	1	0	1	0	1	LumA
MB-4626	0	0	1	3	64.61	0	4.03	1	0	0	0	3	15	1	0	0	3	4	0	0	1	4	1	0	1	Her2
MB-4627	0	1	3	3	55.65	0	6.04	1	0	9	1	3	20	2	1	1	0	0	0	1	0	0	1	0	1	LumA
MB-4630	0	1	8	3	67.48	1	3.07	1	0	0	1	2	35	2	1	0	1	0	0	1	0	1	1	1	1	LumB
MB-4633	1	1	0	3	67.03	1	5.05	1	0	2	0	3	25	2	1	1	0	1	0	1	0	0	1	0	1	LumA
MB-4634	0	0	3	3	66.37	0	5.03	1	0	2	1	3	15	2	1	1	0	0	0	1	0	0	1	0	1	LumA
MB-4639	0	0	9	3	71.17	0	4.06	1	0	0	0	3	30	2	0	2	1	0	0	1	0	1	1	0	1	LumB
MB-4640	1	1	7	3	61.59	1	4.05	0	0	0	0	3	25	2	1	0	3	0	1	1	1	4	1	0	1	Her2
MB-4641	0	1	3	3	64.93	0	5.03	1	0	2	1	3	15	2	1	1	0	1	0	1	0	0	1	0	1	LumA
MB-4642	0	0	6	3	66.27	0	5.07	1	0	1	0	3	35	2	0	1	1	0	0	1	0	1	1	0	1	LumB
MB-4643	0	0	5	3	78.21	0	4.03	0	0	0	1	3	15	1	2	0	3	2	1	0	1	4	1	1	0	Her2
MB-4644	0	0	5	3	59.13	0	4.046	1	0	1	1	2	23	2	0	0	1	2	0	0	1	1	1	1	1	LumB
MB-4648	0	1	1	3	75.19	0	4.04	1	0	0	1	3	20	1	0	0	1	0	0	1	0	1	1	1	1	LumB
	0	1	3	3	61.67	1	3.05	1	0	0	0	2	25	2	0	1	1	0	0	1	1	1	1	0	0	LumB
MB-4651	0	0	6	3	69.96	0	3.07	1	0	0	0	2	35	2	0	1	1	0	0	1	1	1	1	0	0	LumB
MB-4653	0	0	3	3	44.5	0	4.062	1	1	0	1	3	31	2	2	0	2	1	0	1	0	2	1	1	0	Normal
MB-4654	0	1	8	3	80.82	1	4.04	1	0	0	0	3	20	1	3	1	1	0	0	1	0	1	1	0	1	LumB
MB-4655	0	1	3	3	64.01	1	5.032	1	0	1	1	3	16	2	1	1	0	0	0	1	0	0	1	1	1	LumA
MB-4661	1	1	7	3	81.11	1	3.05	1	0	0	1	2	25	2	1	1	0	1	0	1	0	0	1	1	1	LumA
MB-4663	1	1	10	3	61.97	0	4.08	0	0	0	1	3	40	2	1	0	4	2	1	0	1	5	1	0	1	Basal
MB-4665	1	1	0	3	54.27	1	4.036	1	0	0	1	3	18	1	0	1	0	1	0	1	0	0	1	1	1	LumA
MB-4666	0	0	7	3	57.98	1	6.03	1	0	9	1	3	15	2	1	2	0	0	0	1	1	0	1	1	1	LumA
MB-4669	0	1	6	3	68.82	1	4.04	1	0	0	0	3	20	1	2	2	1	0	0	1	1	1	1	0	1	LumB
MB-4670	0	0	7	3	61	1	3.04	1	0	0	1	2	20	1	1	1	0	1	0	1	0	0	1	1	1	LumA
MB-4671	0	0	2	3	72.48	0	4.06	1	0	0	0	3	30	2	0	1	1	0	0	1	0	1	1	0	0	LumB
MB-4672	0	1	7	3	58.78	0	4.05	1	0	0	1	3	25	2	1	0	0	0	0	1	0	0	1	1	1	LumA
MB-4673	0	0	9	3	63.27	1	4.04	1	0	2	1	2	20	3	1	0	1	0	0	1	1	1	1	1	1	LumB
MB-4674	0	0	7	3	75.26	1	4.08	1	0	3	1	2	40	2	0	2	0	1	0	1	0	0	1	1	1	LumA
MB-4675	1	1	8	3	59.23	0	4.036	1	0	0	0	3	18	1	1	1	0	1	0	1	0	0	1	0	1	LumA
MB-4679	0	1	10	3	64.11	0	4.03	0	0	0	1	3	15	1	2	1	4	3	1	1	1	5	1	1	1	Basal
MB-4681	0	0	3	3	60.66	0	1.034	1	0	0	1	2	17	1	1	2	0	1	0	1	1	0	1	1	1	LumA
MB-4682	0	0	9	3	65.5	0	4.04	1	0	0	1	3	20	2	1	1	0	0	0	1	0	0	1	1	1	LumA
MB-4685	0	1	6	3	73.6	1	6.1	1	0	8	1	3	50	2	0	1	1	0	0	1	1	1	1	0	0	LumB
MB-4686	0	0	3	3	53.03	0	5.07	1	0	3	1	3	35	2	1	1	0	1	0	1	1	0	1	0	0	LumA
MB-4688	0	0	5	3	71.17	0	5.09	1	0	9	1	2	45	3	0	0	1	2	0	0	0	1	1	0	1	LumB
MB-4691	0	0	7	3	49.76	0	4.02	1	1	0	1	3	10	1	1	1	0	1	0	1	1	0	1	1	1	LumA
MB-4692	0	1	8	3	58.49	0	2.05	1	0	0	1	1	25	2	0	1	0	1	0	1	0	0	1	1	1	LumA
MB-4694	1	1	10	3	76.06	1	4.04	1	0	0	0	3	20	1	0	1	4	3	0	1	1	5	1	0	1	Basal
MB-4701	1	1	8	3	47.62	0	4.05	1	1	0	0	3	25	2	0	1	0	1	0	1	0	0	1	0	1	LumA
MB-4702	1	1	9	3	52.13	1	4.07	1	0	0	1	3	35	2	0	1	1	0	0	1	1	1	1	1	1	LumB
MB-4704	0	0	0	3	67.79	1	4.098	1	0	0	1	3	49	2	1	0	0	1	0	1	1	0	1	1	1	LumA
MB-4705	0	1	3	3	63.58	0	3.054	1	0	0	1	2	27	2	2	1	0	1	0	1	0	0	1	1	1	LumA
MB-4706	0	1	3	3	75.48	0	4.03	1	0	0	0	3	15	1	0	1	0	1	0	1	0	0	1	0	0	LumA
MB-4708	0	1	3	3	63.03	1	4.036	1	0	0	1	3	18	1	1	1	0	1	0	1	1	0	1	1	1	LumA
MB-4709	1	1	8	3	49.02	0	3.04	1	1	0	0	2	20	1	1	1	0	1	0	1	0	0	1	0	1	LumA
MB-4710	1	1	3	3	77.12	0	4.038	1	0	0	1	3	19	1	1	1	0	1	0	1	0	0	1	1	0	LumA
MB-4712	0	1	9	3	46.59	1	4.1	0	1	0	1	3	50	2	0	1	2	0	0	1	1	2	1	1	1	Normal
MB-4714	0	1	10	3	64.68	1	6.002	0	0	11	1	3	1	2	0	1	4	3	1	1	1	5	0	0	1	Basal
MB-4715	0	0	8	3	67.8	1	5.09	0	0	1	1	3	45	2	0	1	4	3	1	1	1	5	0	1	0	Basal
MB-4716	0	0	3	3	52.98	0	4.056	1	0	0	0	3	28	2	0	1	0	1	0	1	0	0	1	0	1	LumA
MB-4717	0	0	10	3	43.51	1	4.05	0	1	0	1	3	25	2	0	2	4	3	1	1	1	5	1	1	0	Basal
MB-4719	0	1	8	3	67.27	1	5.044	1	0	4	1	2	22	2	0	1	0	1	0	1	0	0	1	1	1	LumA
MB-4722	1	1	8	3	64.02	0	3.05	0	0	0	1	2	25	2	0	1	0	1	0	1	0	0	1	1	1	LumA
MB-4723	1	1	1	3	64.76	0	4.03	1	0	0	1	3	15	1	1	0	1	0	0	1	1	1	1	0	1	LumB
MB-4724	1	1	0	3	60.44	0	4.04	0	0	0	0	3	20	1	0	0	3	2	1	0	1	4	1	0	1	Her2
MB-4725	0	0	5	3	65.83	0	5.052	1	0	1	1	3	26	2	1	0	3	2	0	0	0	4	1	1	1	Her2
MB-4729	0	1	5	3	75.41	1	5.05	1	0	1	0	3	25	2	1	0	0	2	0	0	1	0	1	0	0	LumA
MB-4730	0	1	8	3	51.29	1	4.136	1	0	0	1	3	68	2	0	1	0	1	0	1	0	0	1	1	1	LumA
MB-4731	0	0	5	3	49.43	0	5.12	0	1	1	1	3	60	2	0	0	3	2	1	0	1	4	0	1	0	Her2
MB-4732	1	1	10	3	26.72	0	5.09	0	1	3	0	3	45	2	0	1	4	3	1	1	1	5	0	0	1	Basal
MB-4735	1	1	8	3	54.18	0	3.08	1	0	0	1	2	40	2	1	1	0	1	0	1	0	0	1	1	1	LumA
MB-4737	1	1	1	3	52.29	0	5.092	1	0	1	1	3	46	2	1	2	1	0	0	1	1	1	1	1	1	LumB
MB-4738	1	1	3	3	42.27	0	3.04	1	1	0	1	2	20	1	2	1	2	1	0	1	0	2	1	1	1	Normal
MB-4739	0	1	3	3	56.08	1	3.03	1	0	0	0	2	15	1	0	1	0	1	0	1	0	0	1	0	1	LumA
MB-4741	0	0	8	3	53.02	0	4.04	1	0	1	1	2	20	2	0	1	1	1	0	1	1	1	1	1	0	LumB
MB-4742	0	1	8	3	76.42	0	3.07	1	0	5	1	2	35	2	1	1	0	1	0	1	0	0	1	1	1	LumA
MB-4743	1	1	0	3	52.61	0	3.03	1	0	0	1	2	15	1	1	1	2	1	0	1	1	2	1	1	1	Normal
MB-4744	0	0	8	3	64.21	1	5.032	1	0	2	0	3	16	2	0	1	1	4	0	1	0	1	1	0	1	LumB
MB-4745	0	0	5	3	50.08	1	5.074	0	0	1	0	3	37	2	1	0	3	2	1	0	1	4	0	0	0	Her2
MB-4746	1	1	3	3	38.1	1	5.09	0	1	3	1	3	45	2	2	1	2	0	0	1	0	2	0	1	1	Normal
MB-4749	0	1	8	3	70.57	0	4.044	1	0	0	1	3	22	2	1	1	0	0	0	1	0	0	1	1	0	LumA
MB-4752	0	0	6	3	63.7	1	4.12	1	0	1	1	2	60	3	0	1	0	1	0	1	1	0	1	1	1	LumA
MB-4757	0	0	10	3	38.93	0	5.02	0	1	3	1	3	10	2	0	1	4	3	1	1	1	5	0	1	0	Basal
MB-4758	1	1	10	3	45.77	1	4.02	0	1	0	0	3	10	2	1	1	4	3	1	1	1	5	1	0	1	Basal
MB-4762	1	1	7	3	67.82	1	3.03	1	0	0	0	2	15	1	0	1	0	1	0	1	0	0	1	0	1	LumA
MB-4763	1	1	5	3	44.07	1	5.06	0	1	1	0	3	30	2	1	0	3	2	1	0	1	4	0	0	1	Her2
MB-4764	1	1	3	3	57.95	0	4.1	1	0	0	1	3	50	2	1	1	0	1	0	1	0	0	1	0	1	LumA
MB-4767	0	0	9	3	74.86	0	5.08	1	0	1	1	3	40	2	0	2	1	0	0	1	0	1	1	1	0	LumB
MB-4769	0	0	1	3	65.86	0	4.07	0	0	0	0	3	35	2	0	1	4	3	1	1	1	5	1	0	0	Basal
MB-4770	0	1	10	3	70.22	0	4.026	0	0	0	1	3	13	1	0	0	3	3	1	0	1	4	1	1	1	Her2
MB-4771	1	1	8	3	47.86	0	3.06	1	1	0	0	2	30	2	1	1	0	1	0	1	0	0	1	0	1	LumA
MB-4778	0	1	0	3	78.62	0	3.05	1	0	0	1	2	25	2	1	1	0	1	0	1	0	0	1	1	1	LumA
MB-4779	1	1	3	3	53.39	1	4.026	1	0	2	0	2	13	2	1	1	0	1	0	1	0	0	1	0	1	LumA
MB-4782	1	1	0	3	43.85	1	5	0	1	0	1	2	0	2	3	1	2	3	0	1	0	2	1	1	1	Normal
MB-4784	0	1	1	3	63.35	1	4.04	1	0	0	1	3	20	2	1	1	2	1	0	1	1	2	1	1	1	Normal
MB-4785	0	0	8	3	75.46	0	3.056	1	0	0	0	2	28	2	0	2	0	1	0	1	0	0	1	0	1	LumA
MB-4787	0	1	6	3	68.85	1	3.06	1	0	0	1	2	30	2	1	0	0	0	0	1	0	0	1	1	1	LumA
MB-4790	0	0	7	3	43.73	0	3.056	1	1	0	1	2	28	2	1	0	0	0	0	1	1	0	1	1	1	LumA
MB-4791	0	1	0	3	83.49	0	2.04	1	0	0	1	1	20	1	1	1	1	0	0	1	1	1	1	1	1	LumB
MB-4793	0	1	10	3	72.49	0	4.1	0	0	0	0	3	50	2	0	1	4	4	1	1	1	5	1	0	1	Basal
MB-4794	0	1	7	3	89	0	2.07	1	0	3	1	2	35	2	0	1	0	0	0	1	0	0	1	1	0	LumA
MB-4796	1	1	5	3	53.18	1	3.05	1	0	0	1	2	25	2	0	0	1	2	0	0	1	1	1	1	1	LumB
MB-4797	0	1	2	3	81.06	1	3.04	1	0	0	1	2	20	1	0	0	0	0	0	1	1	0	1	0	1	LumA
MB-4798	1	1	3	3	44.51	1	3.05	1	1	0	0	2	25	2	0	1	2	4	0	1	0	2	1	0	1	Normal
MB-4800	0	0	6	3	61.3	1	4.05	1	0	0	1	3	25	2	1	0	0	0	0	1	0	0	1	1	1	LumA
MB-4801	0	1	8	3	65.83	0	6.07	1	0	7	1	3	35	2	1	1	0	0	0	1	0	0	1	0	1	LumA
MB-4802	0	0	8	3	71.67	1	3.08	0	0	0	1	2	40	2	1	1	1	0	0	1	1	1	1	1	0	LumB
MB-4805	0	0	7	3	45.39	0	4.07	1	1	0	1	3	35	2	1	1	0	0	0	1	0	0	1	1	1	LumA
MB-4806	0	1	3	3	49.77	0	4.02	1	1	1	1	2	10	2	1	1	0	1	0	1	0	0	1	1	1	LumA
MB-4809	1	1	10	3	43.77	0	4.028	0	1	0	1	3	14	1	0	0	4	3	0	1	1	5	1	1	1	Basal
MB-4814	0	0	0	3	39.92	1	3.1	1	1	0	1	2	50	2	1	1	2	1	0	1	0	2	1	1	1	Normal
MB-4818	0	1	3	3	75.74	0	4.114	1	0	1	1	2	57	3	0	1	1	1	0	1	1	1	1	0	1	LumB
MB-4820	0	0	2	3	67.19	0	2.032	1	0	2	2	2	16	2	0	1	0	1	0	1	0	0	1	0	0	LumA
MB-4825	0	1	8	3	65.93	0	3.02	1	0	0	1	2	10	1	1	1	0	1	0	1	0	0	1	1	1	LumA
MB-4827	0	1	3	3	78.54	0	3.044	1	0	0	1	2	22	2	0	1	0	1	0	1	1	0	1	1	0	LumA
MB-4828	0	0	1	3	78.87	0	5.16	1	0	2	1	3	80	3	0	1	1	3	0	1	1	1	1	0	0	LumB
MB-4829	0	1	7	3	83.27	0	2.02	1	0	1	0	2	10	2	1	1	1	0	0	1	1	1	1	0	1	LumB
MB-4832	0	0	3	3	45.44	0	2.022	1	1	0	0	1	11	1	1	1	0	1	0	1	0	0	1	0	1	LumA
MB-4834	0	0	1	3	49.61	0	5.05	1	1	2	1	3	25	2	0	2	1	0	0	1	1	1	1	0	0	LumB
MB-4836	0	0	0	3	55.66	0	4.032	1	0	0	0	3	16	2	1	1	3	0	0	1	0	4	1	0	0	Her2
MB-4838	0	1	8	3	74.39	1	3.198	1	0	0	0	2	99	3	0	0	1	4	0	1	1	1	1	0	1	LumB
MB-4839	1	1	3	3	67.26	0	1.024	0	0	0	1	2	12	2	1	1	1	0	0	1	0	1	1	1	1	LumB
MB-4843	1	1	8	3	54.35	0	2.06	1	0	0	1	2	30	2	1	1	0	1	0	1	0	0	1	1	1	LumA
MB-4849	0	0	8	3	81.52	0	4.06	1	0	0	1	3	30	2	1	1	0	0	0	1	1	0	1	1	0	LumA
MB-4851	0	0	2	3	73.95	1	4.05	1	0	1	1	2	25	2	1	1	0	0	0	1	0	0	1	1	1	LumA
MB-4853	1	1	8	3	62.35	0	3.032	1	0	0	0	2	16	1	1	1	0	1	0	1	0	0	1	1	1	LumA
MB-4855	0	1	7	3	74.8	0	5.06	1	0	2	1	3	30	2	0	1	0	1	0	1	0	0	1	1	0	LumA
MB-4858	0	1	5	3	74.56	1	4.03	1	0	0	1	3	15	2	0	0	0	2	0	0	1	0	1	1	1	LumA
MB-4862	1	1	1	3	64.32	0	4.046	1	0	0	0	3	23	2	0	1	1	0	0	1	0	1	1	0	1	LumB
MB-4866	1	1	0	3	43.86	1	2.04	1	1	0	1	1	20	1	0	0	0	2	0	1	0	0	1	1	1	LumA
MB-4867	1	1	3	3	47.03	0	3.05	1	1	0	1	2	25	2	1	1	0	1	0	1	0	0	1	1	1	LumA
MB-4869	0	0	8	3	67.12	0	4.06	1	0	2	1	2	30	2	0	1	0	1	0	1	0	0	1	1	0	LumA
MB-4871	0	0	5	3	74.53	0	3.08	0	0	0	1	2	40	2	0	0	2	2	1	0	1	2	1	1	0	Normal
MB-4872	1	1	3	3	58.69	1	4.04	1	0	1	1	2	20	2	1	1	0	1	0	1	0	0	1	1	1	LumA
MB-4873	0	0	8	3	64.47	1	5.06	1	0	14	1	2	30	3	1	1	1	4	0	1	0	1	1	0	1	LumB
MB-4878	0	0	5	3	79.35	0	3.05	1	0	0	1	2	25	2	1	0	0	2	0	0	1	0	1	1	0	LumA
MB-4879	0	1	5	3	49.34	1	4.036	0	1	0	0	3	18	1	0	0	3	2	1	0	1	4	1	0	1	Her2
MB-4880	1	1	9	3	69.68	1	4.054	0	0	0	1	3	27	2	0	1	4	3	1	1	1	5	1	1	1	Basal
MB-4881	1	1	10	3	37.05	0	4.07	0	1	0	0	3	35	2	0	1	4	3	1	1	1	5	1	0	1	Basal
MB-4883	1	1	7	3	57.93	1	3.04	0	0	0	0	2	20	1	1	1	0	1	0	1	0	0	1	0	1	LumA
MB-4886	0	0	5	3	43.42	1	5.09	0	1	1	1	3	45	2	1	0	3	2	1	0	1	4	0	1	0	Her2
MB-4887	0	0	0	3	52.09	1	5.066	1	0	3	1	3	33	2	1	0	2	1	0	1	1	2	1	1	0	Normal
MB-4894	1	1	8	3	47.71	0	4.07	1	1	0	1	3	35	2	1	1	0	0	0	1	0	0	1	1	1	LumA
MB-4896	0	0	5	3	41.53	0	4.06	0	1	0	1	3	30	2	2	0	4	2	1	0	1	5	1	1	1	Basal
MB-4897	1	1	0	3	40.04	0	2.002	1	1	0	1	1	1	1	2	1	2	1	0	1	0	2	1	1	1	Normal
MB-4898	0	0	7	3	63.63	0	3.02	1	0	0	0	2	10	2	1	1	0	1	0	1	0	0	1	0	1	LumA
MB-4899	1	1	3	3	40.25	0	3.04	1	1	0	0	2	20	1	0	1	0	1	0	1	0	0	1	0	1	LumA
MB-4900	1	1	6	3	47.61	0	3.036	1	1	0	1	2	18	1	0	1	1	0	0	1	1	1	1	1	1	LumB
MB-4908	0	0	5	3	69.87	0	5.08	1	0	3	1	3	40	2	1	0	1	2	0	0	0	1	1	0	0	LumB
MB-4911	0	0	10	3	43.51	0	5.03	0	1	2	1	3	15	2	0	1	4	3	1	1	1	5	0	0	0	Basal
MB-4912	0	0	8	3	78.19	1	4.056	1	0	3	0	2	28	2	0	1	1	0	0	1	0	1	1	0	0	LumB
MB-4925	0	1	7	3	76.54	0	4.05	1	0	1	1	2	25	2	1	1	1	4	0	1	0	1	1	1	1	LumB
MB-4928	1	1	5	3	75.2	1	5.044	1	0	1	1	3	22	2	1	0	3	4	1	1	1	4	1	1	1	Her2
MB-4929	0	0	5	3	59.49	1	6.052	1	0	6	1	3	26	2	1	0	3	2	1	0	1	4	1	0	0	Her2
MB-4930	1	1	9	3	62.43	0	5.06	1	0	2	1	3	30	2	0	0	1	2	0	0	1	1	1	0	0	LumB
MB-4933	1	1	0	3	50.78	1	3.06	1	0	0	1	2	30	2	0	1	0	0	0	1	1	0	1	1	1	LumA
MB-4934	1	1	7	3	74.85	1	5.056	1	0	4	1	2	28	2	0	1	1	0	0	1	0	1	1	0	1	LumB
MB-4935	1	1	5	3	36.35	0	5.046	0	1	3	1	3	23	2	1	0	3	2	1	0	1	4	0	1	1	Her2
MB-4937	0	0	6	3	41.09	1	4.04	1	1	0	1	3	20	1	0	1	1	0	0	1	0	1	1	1	1	LumB
MB-4941	0	0	0	3	57.32	0	3.04	1	0	0	0	2	20	1	1	1	0	1	0	1	0	0	1	0	0	LumA
MB-4944	0	1	2	3	77.77	0	3.036	1	0	0	0	2	18	1	0	1	1	0	0	1	0	1	1	0	1	LumB
MB-4945	0	0	9	3	65.53	1	5.038	0	0	1	1	3	19	2	1	1	4	3	1	1	1	5	0	1	0	Basal
MB-4949	1	1	1	3	69.75	0	4.044	1	0	0	1	3	22	2	1	1	1	4	0	1	1	1	1	1	1	LumB
MB-4950	0	0	3	3	69.99	0	6.06	1	0	12	1	3	30	2	1	1	0	1	0	1	0	0	1	0	1	LumA
MB-4952	1	1	0	3	67.15	0	4.042	0	0	0	0	3	21	2	1	0	3	2	1	0	1	4	1	0	1	Her2
MB-4956	0	0	1	3	69.31	0	6.12	1	0	4	1	3	60	3	0	1	1	0	0	1	1	1	1	0	1	LumB
MB-4957	0	0	7	3	70.38	1	3.04	0	0	0	0	2	20	1	0	1	1	4	0	1	1	1	1	0	1	LumB
MB-4959	0	0	3	3	76.93	0	2.026	1	0	0	0	1	13	1	1	1	0	1	0	1	0	0	1	1	1	LumA
MB-4961	1	1	8	3	56.94	1	3.05	1	0	0	0	2	25	2	1	1	0	1	0	1	0	0	1	0	1	LumA
MB-4962	0	0	8	3	72.44	0	4.028	1	0	2	0	2	14	2	1	1	0	1	0	1	0	0	1	0	1	LumA
MB-4965	0	1	0	3	69.93	0	3.06	1	0	0	1	2	30	2	1	1	0	0	0	1	0	0	1	1	1	LumA
MB-4966	0	0	3	3	55.83	0	4.1	1	0	6	1	1	50	2	0	1	1	1	0	1	0	1	1	1	0	LumB
MB-4967	0	1	3	3	61.16	1	4.03	1	0	1	1	2	15	2	1	1	0	1	0	1	0	0	1	0	1	LumA
MB-4968	1	1	0	3	56.03	0	5.05	1	0	5	1	2	25	2	0	1	0	1	0	1	0	0	1	0	1	LumA
MB-4969	0	1	7	3	76.81	1	3.05	1	0	0	0	2	25	2	0	1	0	0	0	1	0	0	1	0	1	LumA
MB-4970	0	0	8	3	77.45	0	3.06	1	0	0	1	2	30	2	0	1	1	0	0	1	0	1	1	1	1	LumB
MB-4976	0	1	8	3	73.65	1	3.04	1	0	3	1	1	20	2	0	1	0	4	0	1	0	0	1	1	1	LumA
MB-4977	0	0	8	3	72.54	1	6.044	1	0	5	0	3	22	2	1	1	0	1	0	1	0	0	1	0	1	LumA
MB-4981	0	0	3	3	69.67	0	6.06	1	0	4	1	3	30	2	0	1	0	1	0	1	0	0	1	1	1	LumA
MB-4986	0	0	9	3	41	1	3.1	1	1	0	0	2	50	2	0	1	0	0	0	1	1	0	1	0	1	LumA
MB-4987	0	1	8	3	76.37	1	3.04	0	0	0	1	2	20	1	2	1	0	1	0	1	1	0	1	1	1	LumA
MB-4991	1	1	6	3	77.13	1	5.08	1	0	1	1	3	40	2	0	0	1	0	0	1	1	1	1	1	1	LumB
MB-4992	1	1	3	3	66.47	0	3.066	0	0	0	1	2	33	2	0	1	0	1	1	1	1	0	1	1	1	LumA
MB-4993	0	0	0	3	33.55	0	6.1	0	1	4	0	3	50	2	0	1	3	3	1	1	1	4	0	0	1	Her2
MB-4994	0	1	8	3	77.54	0	3.044	1	0	0	0	2	22	2	0	1	1	0	0	1	0	1	1	0	1	LumB
MB-4996	0	1	7	3	69.65	1	3.036	1	0	1	1	1	18	2	2	1	0	1	0	1	0	0	1	1	1	LumA
MB-4998	0	0	8	3	75.27	0	6.064	1	0	6	1	3	32	2	0	1	1	0	0	1	1	1	1	1	1	LumB
MB-4999	1	1	7	3	44.84	1	3.06	1	1	0	1	2	30	2	1	1	0	1	0	1	0	0	1	0	1	LumA
MB-5001	0	0	0	3	71.61	0	4.042	1	0	1	1	2	21	2	0	1	0	0	0	1	1	0	1	1	1	LumA
MB-5004	1	1	0	3	42.84	0	5.074	0	1	2	1	3	37	2	0	1	3	1	0	1	1	4	0	0	1	Her2
MB-5008	1	1	10	3	65.76	0	5.12	0	0	2	0	3	60	3	0	1	3	3	1	1	1	4	0	0	1	Her2
MB-5011	0	1	3	3	67.68	1	3.046	1	0	0	0	2	23	2	0	1	0	1	0	1	0	0	1	0	1	LumA
	0	1	3	3	68.56	0	4.04	1	0	1	0	2	20	2	0	1	0	1	0	1	0	0	1	0	1	LumA
MB-5014	1	1	6	3	69.93	0	5.04	1	0	1	0	3	20	2	1	1	1	0	0	1	0	1	1	0	1	LumB
MB-5015	0	1	8	3	44.36	1	4.044	1	1	0	0	3	22	2	0	1	0	1	0	1	0	0	1	0	1	LumA
MB-5018	0	1	8	3	72.12	0	4.06	1	0	3	1	2	30	2	0	1	0	0	0	1	0	0	1	1	1	LumA
MB-5019	0	0	5	3	49.88	1	4.024	0	1	0	0	3	12	1	1	0	2	2	1	1	0	2	1	0	0	Normal
MB-5027	1	1	3	3	46.95	1	4.05	1	1	0	0	3	25	2	1	1	0	1	0	1	0	0	1	0	1	LumA
MB-5033	0	0	1	3	63.92	1	2.086	1	0	0	0	1	43	2	1	1	1	0	0	1	1	1	1	0	0	LumB
MB-5039	0	0	1	3	67.7	0	5.11	1	0	1	1	3	55	3	0	0	1	0	0	0	1	1	1	0	1	LumB
MB-5040	0	1	6	3	72.73	0	4.08	1	0	0	1	3	40	2	0	1	1	0	0	1	1	1	1	1	1	LumB
MB-5043	0	0	8	3	70.42	1	6.08	1	0	6	0	3	40	3	1	1	0	1	0	1	0	0	1	0	1	LumA
MB-5044	1	1	0	3	55.56	0	3.034	1	0	0	0	2	17	1	0	1	1	0	0	1	1	1	1	0	1	LumB
MB-5045	0	1	0	3	70.11	0	4.05	1	0	0	0	3	25	2	0	1	0	0	0	1	0	0	1	0	1	LumA
MB-5049	1	1	8	3	61.76	0	3.034	1	0	0	1	2	17	1	1	1	1	0	0	1	0	1	1	1	1	LumB
MB-5050	1	1	3	3	55.04	1	3.03	1	0	0	0	2	15	1	1	1	0	1	0	1	0	0	1	0	1	LumA
MB-5053	0	1	3	3	68.21	1	3.042	1	0	0	1	2	21	2	1	1	0	1	0	1	0	0	1	1	1	LumA
MB-5054	1	1	5	3	52.57	0	4.002	0	0	0	1	3	1	1	2	0	4	2	1	0	1	5	1	1	1	Basal
MB-5057	0	0	10	3	39.25	1	4.03	0	1	0	0	3	15	1	0	1	4	3	1	1	1	5	1	1	0	Basal
MB-5059	1	1	8	3	53.69	0	3.034	1	0	0	1	2	17	1	0	1	0	1	0	1	0	0	1	1	1	LumA
MB-5060	0	1	8	3	75.01	1	4.05	1	0	1	0	2	25	2	0	1	1	0	0	1	1	1	1	0	1	LumB
MB-5061	1	1	7	3	71.05	0	4.05	1	0	2	0	2	25	2	0	1	1	0	0	1	0	1	1	0	0	LumB
MB-5062	1	1	1	3	75.55	1	5.04	1	0	1	0	3	20	2	0	0	1	2	0	0	1	1	1	0	1	LumB
MB-5063	1	1	5	3	41.54	1	5.04	0	1	1	1	3	20	2	0	0	3	2	1	0	1	4	0	0	1	Her2
MB-5064	1	1	0	3	63.4	0	3.04	1	0	0	1	2	20	1	0	2	0	1	0	1	0	0	1	1	1	LumA
MB-5066	1	1	3	3	53.58	0	4.05	1	0	1	0	2	25	2	1	1	0	1	0	1	0	0	1	0	1	LumA
MB-5068	1	1	0	3	71.19	1	3.03	1	0	0	0	2	15	2	0	1	0	1	0	1	0	0	1	0	1	LumA
MB-5070	1	1	10	3	47.38	1	5.06	0	1	2	1	3	30	2	0	2	4	3	1	1	1	5	0	1	1	Basal
MB-5072	0	0	0	3	52.23	0	5.06	0	0	1	1	3	30	2	0	1	3	3	1	1	1	4	0	1	0	Her2
MB-5074	0	1	3	3	70.59	0	4.05	1	0	0	0	3	25	2	0	1	0	0	0	1	1	0	1	0	1	LumA
MB-5078	0	0	5	3	56.33	1	4.048	1	0	1	0	2	24	2	1	0	1	2	0	0	1	1	1	0	1	LumB
MB-5079	1	1	8	3	66.38	1	3.03	1	0	0	0	2	15	1	2	1	0	1	0	1	0	0	1	0	1	LumA
MB-5081	0	0	9	3	43.63	1	3.032	1	1	0	1	2	16	2	1	1	2	0	0	1	0	2	1	1	0	Normal
MB-5084	0	0	8	3	49	0	3.04	1	1	0	1	2	20	1	1	1	0	1	0	1	1	0	1	1	1	LumA
MB-5086	0	1	8	3	65.41	0	2.02	1	0	0	1	2	10	1	1	1	0	4	0	1	0	0	1	1	1	LumA
MB-5088	0	1	8	3	72.38	0	3.06	1	0	0	1	2	30	2	1	1	0	1	0	1	1	0	1	1	1	LumA
MB-5092	0	1	3	3	76.37	1	5.04	1	0	1	1	3	20	2	2	1	0	1	0	1	0	0	1	1	1	LumA
MB-5098	0	1	9	3	61.92	0	3.036	1	0	0	1	2	18	1	1	1	0	0	0	1	0	0	1	1	1	LumA
MB-5101	0	0	6	3	67.86	1	5.1	1	0	14	1	2	50	3	0	1	1	0	0	1	0	1	1	0	0	LumB
MB-5102	0	0	10	3	69.93	0	6.04	0	0	20	0	3	20	2	0	1	4	4	1	1	1	5	0	0	0	Basal
MB-5105	0	0	8	3	63.24	0	3.022	1	0	0	0	2	11	1	2	1	0	0	0	1	0	0	1	0	1	LumA
MB-5107	0	0	1	3	61.06	0	4.082	1	0	0	0	3	41	2	0	0	1	0	0	1	0	1	1	0	1	LumB
MB-5110	0	0	3	3	59.12	0	1.05	1	0	0	1	2	25	2	1	1	2	1	0	1	1	2	1	1	0	Normal
MB-5114	0	0	5	3	57.87	0	4.08	1	0	0	1	3	40	2	1	0	4	2	1	0	1	5	1	1	0	Basal
MB-5115	1	1	10	3	40.57	0	5.06	0	1	1	0	3	30	2	0	1	4	3	1	1	1	5	0	0	1	Basal
MB-5116	0	0	2	3	74.71	1	5.036	1	0	7	0	2	18	2	0	0	1	0	0	1	0	1	1	0	1	LumB
MB-5118	1	1	3	3	72.14	0	3.024	1	0	0	0	2	12	1	1	1	0	1	0	1	0	0	1	0	1	LumA
MB-5120	0	0	5	3	47.24	0	5.06	0	1	1	0	3	30	2	0	0	3	2	1	0	1	4	0	0	0	Her2
MB-5121	0	0	8	3	72.02	1	4.036	1	0	0	1	3	18	2	0	1	1	0	0	1	0	1	1	1	1	LumB
MB-5122	0	1	8	3	77.66	1	3.08	1	0	5	1	2	40	2	1	1	0	1	0	1	0	0	1	0	1	LumA
MB-5123	0	0	7	3	69.72	0	4.04	1	0	1	1	2	20	2	0	2	0	1	0	1	1	0	1	1	1	LumA
MB-5124	0	0	6	3	83.96	1	3.052	1	0	0	1	2	26	3	0	1	1	0	0	1	0	1	1	1	1	LumB
MB-5126	0	0	10	3	63.48	1	5.02	0	0	1	2	3	10	2	1	1	4	3	1	1	1	5	0	0	0	Basal
MB-5127	0	1	1	3	74.98	0	4.06	1	0	0	1	3	30	2	2	3	1	0	0	1	0	1	1	0	1	LumB
MB-5134	1	1	3	3	46.58	0	3.02	1	1	0	0	2	10	1	1	1	0	1	0	1	0	0	1	0	1	LumA
MB-5135	0	0	10	3	38.59	1	4.07	0	1	0	0	3	35	2	1	1	4	4	1	1	1	5	1	0	0	Basal
MB-5138	0	0	10	3	44.59	1	5.03	0	1	2	2	3	15	2	0	1	4	3	1	1	1	5	0	0	0	Basal
MB-5139	0	1	1	3	69.16	1	6.058	1	0	4	1	3	29	2	0	2	1	0	0	1	1	1	1	0	1	LumB
MB-5144	1	1	9	3	57.14	1	3.034	1	0	0	0	2	17	1	0	0	1	0	0	1	0	1	1	0	1	LumB
MB-5145	0	0	9	3	61.55	1	4.05	1	0	0	0	3	25	2	1	1	2	3	1	1	1	2	1	0	1	Normal
MB-5147	1	1	5	3	54.61	1	4.05	1	0	0	1	3	25	2	0	0	0	2	0	0	1	0	1	1	0	LumA
MB-5150	0	0	0	3	69.29	0	3.002	1	0	0	1	2	1	1	2	1	2	1	0	1	0	2	1	1	1	Normal
MB-5152	0	1	7	3	76.19	1	4.034	1	0	1	1	2	17	2	0	1	0	0	0	1	0	0	1	1	1	LumA
MB-5157	0	0	0	3	70.68	1	6.024	1	0	4	0	3	12	2	1	1	2	3	0	1	0	2	1	0	0	Normal
MB-5161	1	1	0	3	44.41	1	3.024	1	1	0	0	2	12	1	0	1	2	1	0	1	0	2	1	0	1	Normal
MB-5164	1	1	5	3	48.76	1	4.026	1	1	0	0	3	13	1	2	0	2	2	0	0	0	2	1	0	1	Normal
MB-5167	1	1	8	3	60.46	0	1.06	1	0	0	1	2	30	2	1	1	1	0	0	1	0	1	1	1	1	LumB
MB-5169	0	0	3	3	62.84	1	4.05	1	0	0	1	3	25	2	1	1	1	0	0	1	0	1	1	1	0	LumB
MB-5171	0	0	0	3	46.79	1	3.022	1	1	0	0	2	11	1	2	1	2	1	0	1	0	2	1	0	1	Normal
MB-5172	1	1	5	3	49.57	1	6.08	0	1	7	1	3	40	3	1	0	3	2	1	0	1	4	0	0	1	Her2
MB-5174	0	1	5	3	54.69	1	1.03	0	0	0	1	2	15	2	0	0	3	2	0	0	1	4	1	1	1	Her2
MB-5182	0	1	3	3	78.04	1	4.06	1	0	0	0	3	30	2	1	1	0	1	0	1	0	0	1	0	1	LumA
MB-5184	0	1	0	3	79.76	1	3.04	1	0	0	1	2	20	1	1	1	0	1	0	1	0	0	1	1	1	LumA
MB-5186	1	1	6	3	42.84	0	1.02	1	1	0	0	2	10	1	2	0	0	0	0	0	0	0	1	0	1	LumA
MB-5188	0	0	10	3	65.44	0	5.05	1	0	1	1	3	25	2	0	1	4	3	0	1	1	5	1	1	0	Basal
MB-5190	1	1	0	3	53.07	1	4.03	0	0	0	0	3	15	1	2	0	4	4	1	0	1	5	1	0	1	Basal
MB-5191	0	1	8	3	54.75	0	4.04	1	0	0	1	3	20	1	1	1	0	4	0	1	0	0	1	1	1	LumA
MB-5193	0	1	7	3	88.8	0	3.06	1	0	1	1	1	30	2	1	1	0	0	0	1	0	0	1	1	0	LumA
MB-5197	0	0	9	3	62.11	0	4.05	1	0	3	1	2	25	2	0	1	0	0	0	1	1	0	1	1	1	LumA
MB-5200	0	0	1	3	70.23	1	4.03	1	0	0	0	3	15	1	1	0	1	0	0	1	1	1	1	0	0	LumB
MB-5205	1	1	9	3	50.24	0	5.07	0	0	3	0	3	35	2	0	1	4	3	0	1	1	5	0	0	1	Basal
MB-5208	1	1	10	3	52.43	0	4.054	0	0	0	1	3	27	2	1	1	4	3	1	1	1	5	1	1	1	Basal
MB-5209	0	1	0	3	79.17	1	4.12	0	0	0	1	3	60	2	1	1	4	3	1	1	1	5	1	0	1	Basal
MB-5211	0	1	7	3	68.42	1	4.06	1	0	0	1	3	30	2	0	1	1	0	0	1	0	1	1	1	1	LumB
MB-5212	0	1	5	3	80.17	1	4.07	1	0	0	1	3	35	2	0	0	1	2	0	0	1	1	1	1	1	LumB
MB-5214	0	1	2	3	66.57	0	3.04	1	0	0	0	2	20	1	2	1	2	1	0	1	0	2	1	0	1	Normal
MB-5215	0	0	8	3	74.11	1	6.056	1	0	6	1	3	28	2	0	1	1	0	0	1	1	1	1	0	1	LumB
MB-5218	1	1	1	3	42.11	0	4.02	1	1	0	0	3	10	1	0	1	1	0	0	1	1	1	1	0	1	LumB
MB-5221	0	1	8	3	63.53	0	2.04	1	0	0	1	1	20	1	0	1	0	1	0	1	0	0	1	1	1	LumA
MB-5224	0	0	7	3	90.23	0	5.04	1	0	1	1	3	20	2	0	1	0	1	0	1	0	0	1	1	1	LumA
MB-5225	0	0	10	3	68.01	0	4.06	0	0	0	0	3	30	2	0	1	4	3	1	1	1	5	1	0	0	Basal
MB-5226	1	1	0	3	75.53	0	4.03	1	0	0	0	3	15	1	1	2	1	0	0	1	1	1	1	0	1	LumB
MB-5227	0	1	0	3	74.46	1	4.03	1	0	1	1	2	15	2	0	1	0	0	0	1	0	0	1	1	1	LumA
MB-5230	1	1	3	3	48.17	1	3.03	1	1	0	0	2	15	1	1	1	0	1	0	1	0	0	1	0	1	LumA
MB-5232	0	1	10	3	74.53	0	3.028	0	0	0	0	2	14	1	1	1	4	3	1	1	1	5	1	0	1	Basal
MB-5233	0	1	8	3	79.59	1	3.06	1	0	0	0	2	30	2	1	1	1	0	0	1	0	1	1	0	1	LumB
MB-5235	0	0	9	3	59.04	1	3.012	1	0	0	0	2	6	1	1	1	4	3	1	1	1	5	1	0	1	Basal
MB-5238	0	0	5	3	46.03	1	5.04	0	1	2	0	3	20	2	1	0	2	2	0	0	1	2	0	0	0	Normal
MB-5239	1	1	9	3	69.5	1	3.03	0	0	0	1	2	15	1	0	1	1	0	0	1	0	1	1	1	1	LumB
MB-5243	0	1	1	3	62.79	1	3.11	1	0	2	1	1	55	2	0	0	1	0	0	1	1	1	1	1	0	LumB
MB-5244	0	0	6	3	69.2	0	4.08	1	0	0	1	3	40	2	0	1	1	0	0	1	0	1	1	1	1	LumB
MB-5251	0	0	3	3	76.77	0	2.04	1	0	1	1	2	20	2	1	1	0	1	0	1	0	0	1	1	1	LumA
MB-5256	0	0	8	3	70.31	1	4.046	1	0	3	1	2	23	2	1	1	0	0	0	1	0	0	1	0	1	LumA
MB-5259	0	0	5	3	41.28	1	5.07	0	1	1	1	3	35	2	0	0	3	2	1	0	1	4	0	0	0	Her2
MB-5261	0	1	0	3	66.12	1	3.03	1	0	0	0	2	15	1	0	1	1	0	0	1	0	1	1	0	1	LumB
MB-5264	1	1	8	3	46.4	0	4.036	1	1	0	0	3	18	1	0	1	0	1	0	1	0	0	1	0	1	LumA
MB-5266	0	1	1	3	76.83	0	4.06	1	0	0	1	3	30	2	0	0	1	0	0	0	1	1	1	1	1	LumB
MB-5270	0	1	8	3	67.1	0	5.07	1	0	1	1	3	35	2	0	1	0	0	0	1	0	0	1	1	1	LumA
MB-5271	1	1	9	3	58.25	0	3.08	1	0	0	1	2	40	2	0	0	1	0	0	1	1	1	1	1	1	LumB
MB-5273	0	0	6	3	60.33	0	4.04	1	0	0	1	3	20	1	0	1	1	0	0	1	0	1	1	1	1	LumB
MB-5275	0	1	3	3	72.19	0	3	1	0	0	1	2	0	2	1	1	3	0	0	1	1	4	1	1	1	Her2
MB-5277	0	0	8	3	35.78	1	3.036	1	1	0	1	2	18	2	2	1	2	1	0	1	0	2	1	1	1	Normal
MB-5278	0	0	0	3	47.92	0	1.04	1	1	0	1	2	20	1	1	1	2	1	0	1	0	2	1	1	1	Normal
MB-5280	0	0	1	3	45.85	0	4.004	1	1	0	1	3	2	2	2	2	2	0	0	1	0	2	1	1	1	Normal
MB-5281	1	1	0	3	55.72	0	4.03	0	0	0	0	3	15	1	1	1	0	1	1	1	1	0	1	0	1	LumA
MB-5284	0	1	3	3	68.18	0	6.08	1	0	5	1	3	40	2	1	1	0	1	0	1	0	0	1	0	1	LumA
MB-5287	0	1	3	3	69.46	0	3.04	1	0	0	0	2	20	1	1	1	0	1	0	1	0	0	1	0	1	LumA
MB-5288	0	1	3	3	70.1	1	4.07	1	0	2	0	2	35	2	0	1	1	0	0	1	1	1	1	0	1	LumB
MB-5292	0	0	5	3	82.06	0	3.01	1	0	0	1	2	5	2	1	0	1	0	0	0	1	1	1	1	0	LumB
MB-5293	0	0	3	3	70.86	0	3.06	1	0	0	0	2	30	2	0	1	0	1	0	1	0	0	1	0	1	LumA
MB-5298	0	0	10	3	49.63	1	6.046	0	1	5	0	3	23	2	0	1	4	3	1	1	1	5	0	1	1	Basal
MB-5306	1	1	7	3	58.26	0	4.03	1	0	0	1	3	15	1	0	0	0	0	0	1	1	0	1	1	1	LumA
MB-5312	0	0	5	3	50.6	1	6.12	0	0	6	1	3	60	3	0	0	3	2	1	0	1	4	0	1	0	Her2
MB-5313	0	0	1	3	79.12	1	3.06	1	0	14	1	2	30	2	1	1	3	0	0	1	0	4	1	1	0	Her2
MB-5315	0	0	0	3	52.13	0	6.16	0	0	16	1	3	80	3	0	0	3	2	1	0	1	4	0	0	0	Her2
MB-5322	0	0	2	3	66.58	1	4.046	1	0	1	0	2	23	2	1	1	0	0	0	1	1	0	1	0	1	LumA
MB-5327	1	1	5	3	66.94	0	3.05	0	0	0	0	2	25	2	0	0	3	2	1	0	1	4	1	0	1	Her2
MB-5329	0	0	2	3	64.64	1	6.13	0	0	13	1	3	65	3	0	1	0	1	0	1	1	0	0	0	0	LumA
MB-5331	0	0	2	3	54.69	1	3.046	1	0	0	1	2	23	2	1	0	0	2	0	0	1	0	1	1	1	LumA
MB-5334	0	1	9	3	78.44	1	4.04	1	0	0	0	3	20	1	0	1	0	0	0	1	0	0	1	0	1	LumA
MB-5335	0	0	10	3	41.81	1	4.054	0	1	0	1	3	27	2	0	1	4	3	1	1	1	5	1	1	0	Basal
MB-5338	0	0	1	3	61.24	1	4.04	1	0	2	0	2	20	2	0	1	1	0	0	1	1	1	1	0	0	LumB
MB-5341	1	1	2	3	56.37	1	3.04	1	0	0	0	2	20	1	0	1	1	0	0	1	0	1	1	0	1	LumB
MB-5345	0	0	0	3	76.87	1	4.03	1	0	4	0	1	15	2	1	1	2	1	0	1	0	2	1	0	1	Normal
MB-5351	1	1	0	3	47.35	0	4.004	1	1	0	1	3	2	1	1	0	2	2	1	0	1	2	1	1	1	Normal
MB-5358	0	0	3	3	72.88	1	4.114	1	0	3	1	2	57	3	1	1	0	1	0	1	1	0	1	0	0	LumA
MB-5360	0	1	8	3	66.39	0	3.14	1	0	0	1	2	70	3	0	1	0	1	0	1	1	0	1	0	1	LumA
MB-5361	0	0	8	3	76.01	0	4.08	1	0	1	1	2	40	2	0	0	0	0	0	1	0	0	1	1	0	LumA
MB-5364	0	0	3	3	56.89	0	4.03	1	0	0	0	3	15	1	1	1	2	1	0	1	0	2	1	0	1	Normal
MB-5366	1	1	5	3	75.56	0	5.08	1	0	1	1	3	40	2	0	0	3	2	0	1	1	4	1	1	1	Her2
MB-5381	0	0	5	3	44	1	5.1	0	1	2	1	3	50	2	1	0	3	2	1	0	1	4	0	0	1	Her2
MB-5396	1	1	9	3	61.84	0	4.028	1	0	0	0	3	14	1	1	1	1	0	0	1	1	1	1	0	1	LumB
MB-5399	0	0	3	3	73.1	0	2.044	1	0	2	1	2	22	2	2	1	0	1	0	1	1	0	1	1	1	LumA
MB-5402	0	1	7	3	81.76	1	3.032	1	0	0	1	2	16	1	0	0	0	0	0	1	0	0	1	1	1	LumA
MB-5410	1	1	8	3	66.45	1	4.06	1	0	0	0	3	30	2	0	1	0	1	0	1	0	0	1	0	1	LumA
MB-5425	0	0	7	3	67.59	0	4.08	1	0	3	1	2	40	2	0	1	0	1	0	1	0	0	1	1	0	LumA
MB-5427	0	1	9	3	83.68	1	3.05	0	0	0	0	2	25	2	1	1	4	3	1	1	1	5	1	0	1	Basal
MB-5428	1	1	0	3	55.36	0	3.03	1	0	0	0	2	15	1	2	1	0	1	0	1	0	0	1	0	1	LumA
MB-5433	0	0	7	3	69.37	1	3.06	1	0	0	1	2	30	2	0	0	0	0	0	1	0	0	1	1	1	LumA
MB-5442	1	1	10	3	44.93	1	5.07	0	1	2	0	3	35	2	0	1	4	3	1	1	0	5	0	0	1	Basal
MB-5491	0	0	8	3	72.25	1	4.13	1	0	0	1	3	65	2	1	1	1	0	0	1	0	1	1	1	1	LumB
MB-5493	0	0	2	3	69.84	1	4.102	1	0	0	1	3	51	2	0	2	1	0	0	1	1	1	1	1	0	LumB
MB-5495	1	1	0	3	42.64	1	3.04	1	1	0	1	2	20	2	0	1	0	1	0	1	0	0	1	1	1	LumA
MB-5498	1	1	1	3	64.1	0	4.03	1	0	0	0	3	15	1	1	0	3	2	0	1	1	4	1	0	1	Her2
MB-5513	0	0	6	3	86.55	1	5.058	1	0	4	1	2	29	2	2	2	4	0	0	1	0	5	1	1	0	Basal
MB-5519	0	1	8	3	72.61	0	4.09	1	0	1	1	2	45	2	0	1	0	0	0	1	0	0	1	1	1	LumA
MB-5530	1	1	7	3	50.61	0	5.05	1	0	2	1	3	25	2	2	1	4	0	0	1	0	5	1	1	1	Basal
MB-5533	1	1	1	3	71.64	0	5.04	1	0	1	0	3	20	2	2	1	2	1	0	1	0	2	1	0	1	Normal
MB-5543	0	1	3	3	79.11	0	4.08	1	0	0	0	3	40	2	2	2	0	1	0	1	0	0	1	1	0	LumA
MB-5558	1	1	5	3	35.13	1	5.15	0	1	1	1	3	75	3	2	0	4	2	1	0	0	5	0	1	0	Basal
MB-5559	0	0	10	3	42.12	0	5.096	0	1	1	1	3	48	2	2	1	4	3	0	1	0	5	0	0	0	Basal
MB-5563	0	1	3	3	76.3	1	3.03	1	0	0	1	2	15	1	2	0	0	1	0	1	1	0	1	1	1	LumA
MB-5567	0	1	3	3	74.95	1	3.04	1	0	0	0	2	20	1	1	1	0	1	0	1	0	0	1	0	1	LumA
MB-5580	0	1	0	3	75.28	0	3.05	1	0	0	1	2	25	2	1	1	0	1	0	1	0	0	1	1	1	LumA
MB-5582	1	1	3	3	46.43	0	3.02	1	1	0	0	2	10	1	1	1	0	1	0	1	0	0	1	0	1	LumA
MB-5584	0	1	1	3	69.55	0	4.04	1	0	0	0	3	20	1	0	1	3	0	0	1	1	4	1	1	1	Her2
MB-5592	0	1	8	3	66.01	0	3.04	1	0	0	0	2	20	2	2	1	1	0	0	1	0	1	1	0	0	LumB
MB-5593	0	0	5	3	40.53	0	5.07	0	1	1	1	3	35	2	2	0	3	2	1	0	1	4	0	0	1	Her2
MB-5596	0	0	3	3	54.27	1	5.06	1	0	20	1	2	30	2	1	1	0	1	0	1	0	0	1	1	1	LumA
MB-5603	0	1	2	3	70.79	0	4.04	1	0	2	1	2	20	2	0	1	0	1	0	1	1	0	1	0	1	LumA
MB-5605	1	1	3	3	40.37	1	3.05	1	1	0	0	2	25	2	0	2	1	0	0	1	0	1	1	0	1	LumB
MB-5620	0	0	8	3	79.42	0	4.062	1	0	2	1	2	31	2	1	1	0	1	0	1	0	0	1	1	0	LumA
MB-5634	0	0	10	3	55.53	1	4.06	0	0	0	1	3	30	2	0	1	4	3	1	1	1	5	1	1	1	Basal
MB-5640	1	1	0	3	58	0	3.002	1	0	0	1	2	1	1	2	1	2	1	0	1	0	2	1	1	1	Normal
MB-5641	1	1	2	3	78.64	0	4.044	1	0	0	0	3	22	2	2	2	1	0	0	1	0	1	1	0	1	LumB
MB-5642	0	1	0	3	68.13	0	4.068	1	0	1	1	2	34	3	1	1	0	1	0	1	0	0	1	0	1	LumA
MB-5646	0	1	1	3	58.4	1	4.06	1	0	0	0	3	30	2	1	1	1	0	0	1	1	1	1	0	1	LumB
MB-5656	0	1	3	3	74.76	0	3.032	1	0	0	1	2	16	1	2	1	2	1	0	1	0	2	1	1	1	Normal
MB-6007	0	1	3	5	70.65	1	3.05	1	0	0	1	2	25	2	0	1	3	0	0	1	1	4	1	1	1	Her2
MB-6008	0	0	9	5	80.33	0	4.05	1	0	0	1	3	25	2	0	1	1	0	0	1	0	1	1	1	1	LumB
MB-6010	1	1	10	5	70.28	0	4.03	1	0	0	1	3	15	2	0	1	1	0	0	1	1	1	1	1	1	LumB
MB-6011	0	0	1	5	59.22	0	1.05	1	0	0	1	2	25	2	0	0	1	0	0	1	1	1	1	1	1	LumB
MB-6012	0	1	8	5	67.46	0	3.066	1	0	0	1	2	33	2	1	1	0	4	0	1	0	0	1	1	1	LumA
MB-6018	0	0	8	5	65.03	1	3.05	1	0	0	1	2	25	2	2	1	0	1	0	1	0	0	1	1	1	LumA
MB-6019	0	1	0	5	67	0	3.14	1	0	0	1	2	70	2	0	1	2	1	0	1	1	2	1	1	0	Normal
MB-6023	1	1	8	5	60.28	1	3.068	1	0	0	1	2	34	2	1	1	2	0	0	1	1	2	1	1	1	Normal
MB-6024	0	0	8	5	65.63	1	4.04	1	0	2	1	2	20	2	1	1	0	1	0	1	0	0	1	1	1	LumA
MB-6026	0	1	1	5	87.75	1	3.05	1	0	0	1	2	25	2	1	1	1	0	0	1	1	1	1	1	0	LumB
MB-6030	0	1	7	5	66.76	0	2.04	1	0	0	1	1	20	2	0	1	0	1	0	1	0	0	1	1	1	LumA
MB-6039	0	1	9	5	65.96	1	5.07	1	0	1	1	3	35	2	0	0	3	0	0	1	0	4	1	1	1	Her2
MB-6042	1	1	3	5	70.12	1	3.06	1	0	0	1	2	30	2	0	1	2	1	0	1	0	2	1	1	1	Normal
MB-6044	0	1	6	5	70.64	1	3.06	1	0	0	1	2	30	2	1	1	3	0	0	1	1	4	1	1	1	Her2
MB-6047	0	0	9	5	72.94	1	5.03	1	0	12	1	2	15	2	0	1	3	0	0	1	0	4	1	1	0	Her2
MB-6048	0	1	9	5	58.84	0	3.05	1	0	0	1	2	25	2	0	0	3	2	0	0	0	4	1	1	1	Her2
MB-6049	1	1	5	5	62.29	0	3.08	1	0	0	1	2	40	2	0	0	3	2	0	0	0	4	1	1	1	Her2
MB-6050	1	1	8	5	51.07	1	3.04	1	0	0	1	2	20	2	0	1	0	1	0	1	0	0	1	1	1	LumA
MB-6053	1	1	1	5	69.39	0	3.052	1	0	2	1	1	26	2	1	1	1	0	0	1	1	1	1	1	1	LumB
MB-6058	0	0	10	5	41.79	1	4.036	0	1	2	1	2	18	2	0	1	4	3	1	1	1	5	0	1	0	Basal
MB-6059	1	1	7	5	50.88	1	4.096	0	0	1	1	2	48	2	0	1	2	0	0	1	0	2	0	1	1	Normal
MB-6060	0	1	5	5	53.79	0	4.06	1	0	0	1	3	30	2	0	0	1	0	0	1	0	1	1	1	0	LumB
MB-6063	0	0	5	5	58.9	0	6.24	0	0	16	1	3	120	2	0	0	2	2	1	0	1	2	0	1	0	Normal
MB-6065	0	1	8	5	76.69	1	3.096	1	0	1	1	1	48	2	0	1	0	1	0	1	0	0	1	1	1	LumA
MB-6068	0	1	0	5	43.75	1	3	0	1	0	1	2	0	2	1	1	4	4	1	1	0	5	1	1	1	Basal
MB-6069	0	1	7	5	75.55	1	5.04	1	0	5	0	2	20	2	1	1	0	1	0	1	0	0	1	0	1	LumA
MB-6071	0	0	7	5	72.81	0	5.068	1	0	7	1	2	34	2	0	1	0	0	0	1	0	0	1	1	0	LumA
MB-6075	0	0	7	5	84.04	0	3.05	1	0	0	1	2	25	2	0	1	1	0	0	1	0	1	1	1	1	LumB
MB-6079	0	0	9	5	68.91	1	3	1	0	0	0	2	0	2	1	1	1	0	0	1	1	1	1	0	1	LumB
MB-6080	0	0	0	5	79.04	1	6.06	1	0	5	1	3	30	3	0	1	1	0	0	1	0	1	1	0	0	LumB
MB-6082	0	0	7	5	46.47	1	5.14	0	1	8	1	2	70	2	2	1	2	1	0	0	1	2	0	1	1	Normal
MB-6083	0	1	8	5	73.03	0	3.042	1	0	0	1	2	21	2	0	1	0	1	0	1	0	0	1	1	1	LumA
MB-6085	1	1	0	5	58.38	1	5.052	0	0	4	1	2	26	2	0	0	3	3	1	0	1	4	0	1	0	Her2
MB-6092	0	1	3	5	80.59	1	3.042	1	0	0	0	2	21	2	1	1	2	1	0	1	1	2	1	1	0	Normal
MB-6097	0	1	8	5	68.59	1	4.016	1	0	1	0	2	8	2	0	1	0	0	0	1	1	0	1	0	1	LumA
MB-6098	0	0	10	5	28.29	0	5.16	0	1	1	1	3	80	2	0	1	4	4	1	1	1	5	0	1	0	Basal
MB-6100	0	0	5	5	53.45	0	4.06	0	0	2	0	2	30	3	0	0	3	4	1	0	1	4	0	0	0	Her2
MB-6101	0	1	7	5	82.51	0	3.07	1	0	0	1	2	35	2	0	1	2	4	0	1	0	2	1	1	1	Normal
MB-6103	1	1	3	5	66.28	0	3	1	0	0	1	2	0	2	2	1	2	1	0	1	1	2	1	1	1	Normal
MB-6107	0	1	3	5	71.38	0	4	1	0	0	1	3	0	2	1	1	2	1	0	1	0	2	1	1	1	Normal
MB-6108	1	1	0	5	38.01	1	3.036	1	1	0	1	2	18	1	0	2	0	1	0	1	0	0	1	1	1	LumA
MB-6113	0	0	5	5	39.41	0	4.04	0	1	2	1	2	20	2	0	0	3	2	0	0	1	4	0	1	1	Her2
MB-6114	1	1	5	5	70.76	1	5.056	0	0	10	1	2	28	2	0	0	3	0	0	0	0	4	0	1	1	Her2
MB-6116	1	1	5	5	66.13	1	3.06	0	0	0	1	2	30	2	0	0	3	2	0	0	0	4	1	1	1	Her2
MB-6118	1	1	3	5	41.11	1	3.03	1	1	0	0	2	15	1	2	1	0	1	0	1	0	0	1	0	1	LumA
MB-6122	1	1	0	5	54.74	0	4.07	0	0	3	1	2	35	2	1	2	4	3	0	1	0	5	0	1	1	Basal
MB-6124	0	1	3	5	76.99	1	6.03	1	0	15	1	3	15	2	0	1	0	0	0	1	0	0	1	1	1	LumA
MB-6125	0	1	0	5	63.27	0	3.03	1	0	0	1	2	15	2	1	1	2	1	0	1	0	2	1	1	1	Normal
MB-6131	1	1	5	5	57.27	0	3.122	1	0	0	1	2	61	2	0	0	3	2	1	0	1	4	1	1	1	Her2
MB-6133	0	0	3	5	74.6	1	3.078	1	0	0	1	2	39	2	0	1	0	0	0	1	1	0	1	1	1	LumA
MB-6135	0	1	9	5	69.38	1	4.03	1	0	1	1	2	15	2	0	1	1	0	0	1	0	1	1	1	1	LumB
MB-6138	0	0	3	5	85.85	0	6.074	1	0	4	1	3	37	2	1	1	1	1	0	1	1	1	1	1	0	LumB
MB-6141	0	1	8	5	79.84	0	6	1	0	4	1	3	0	2	0	1	1	0	0	1	1	1	1	1	1	LumB
MB-6145	0	0	7	5	60.41	0	4.09	1	0	3	1	2	45	2	0	2	1	0	0	1	1	1	1	1	0	LumB
MB-6146	0	0	0	5	51.04	0	5.012	1	0	3	1	3	6	2	0	1	3	0	0	1	0	4	1	1	1	Her2
MB-6149	0	1	7	5	70.9	1	2.052	1	0	0	1	1	26	2	0	0	0	0	0	1	0	0	1	1	1	LumA
MB-6150	0	1	0	5	59.47	0	3.042	1	0	0	1	2	21	2	0	1	1	0	0	1	1	1	1	1	1	LumB
MB-6152	1	1	10	5	60.62	1	3.034	1	0	0	1	2	17	2	0	1	4	3	1	1	1	5	1	1	1	Basal
MB-6154	1	1	8	5	71.74	1	3.05	1	0	0	1	2	25	2	1	1	1	0	0	1	0	1	1	1	1	LumB
MB-6156	0	0	5	5	49.5	0	4.05	1	1	0	1	3	25	2	0	0	3	2	1	0	0	4	1	1	0	Her2
MB-6157	0	0	5	5	86.29	0	6.07	1	0	14	1	3	35	2	1	0	4	2	0	0	1	5	1	0	0	Basal
MB-6160	1	1	9	5	46.23	1	4	0	1	1	1	2	0	2	1	0	3	2	1	0	1	4	0	1	1	Her2
MB-6163	0	1	8	5	71.62	1	5.07	1	0	6	1	2	35	2	0	1	0	0	0	1	0	0	1	1	1	LumA
MB-6164	1	1	3	5	77.45	0	5.026	1	0	5	1	2	13	2	0	1	1	0	0	1	0	1	1	1	1	LumB
MB-6167	0	1	8	5	75.02	0	5.03	1	0	6	1	2	15	2	0	1	0	1	0	1	1	0	1	1	1	LumA
MB-6168	0	1	7	5	64.95	0	3.04	1	0	0	1	2	20	2	0	1	0	1	0	1	0	0	1	1	1	LumA
MB-6169	0	1	0	5	39.17	0	4.05	1	1	0	1	3	25	2	1	0	4	3	1	0	1	5	1	1	1	Basal
MB-6171	1	1	3	5	70.91	0	3.08	1	0	0	1	2	40	2	0	1	0	1	0	1	0	0	1	1	1	LumA
MB-6178	0	0	10	5	38.58	0	6.064	0	1	8	0	3	32	2	1	1	4	3	1	1	1	5	1	1	0	Basal
MB-6179	0	0	8	5	59.08	1	2.066	1	0	0	1	1	33	2	0	1	0	0	0	1	0	0	1	1	0	LumA
MB-6181	0	1	8	5	83.09	0	3.03	1	0	1	1	1	15	2	0	1	0	0	0	1	0	0	1	1	0	LumA
MB-6184	0	0	2	5	35.02	1	6.1	1	1	9	1	3	50	2	0	1	3	0	0	1	0	4	0	1	1	Her2
MB-6185	0	1	3	5	75.44	1	2.032	1	0	0	1	1	16	2	2	1	0	1	0	1	0	0	1	1	1	LumA
MB-6192	0	1	6	5	78.45	0	4.07	1	0	2	1	2	35	2	0	1	1	0	0	1	0	1	1	1	0	LumB
MB-6194	0	0	0	5	44.51	0	5.05	0	1	9	1	2	25	2	0	1	2	1	1	1	0	2	0	0	0	Normal
MB-6195	1	1	3	5	66.01	0	3.046	1	0	0	1	2	23	2	0	1	0	1	0	1	1	0	1	1	1	LumA
MB-6201	0	1	9	5	79.2	0	3.02	1	0	0	0	2	10	1	0	1	1	0	0	1	0	1	1	0	1	LumB
MB-6204	0	1	0	5	41.08	0	4.046	1	1	0	1	3	23	2	0	1	2	1	0	1	0	2	1	1	0	Normal
MB-6207	0	1	8	5	80.76	1	3.03	1	0	0	1	2	15	2	0	1	0	1	0	1	1	0	1	1	1	LumA
MB-6208	1	1	3	5	56.93	0	4.04	1	0	2	0	2	20	2	0	1	2	0	0	1	1	2	1	0	1	Normal
MB-6211	0	1	8	5	82.1	0	3.046	1	0	0	1	2	23	2	0	1	0	1	0	1	0	0	1	1	0	LumA
MB-6212	1	1	7	5	61.81	0	3.03	1	0	0	0	2	15	1	0	1	0	1	0	1	0	0	1	0	1	LumA
MB-6214	0	1	3	5	74.43	0	4.04	1	0	1	1	2	20	2	0	1	0	1	0	1	0	0	1	1	1	LumA
MB-6218	0	0	1	5	49.67	0	4.044	1	1	0	1	3	22	2	0	0	0	1	0	1	1	0	1	1	1	LumA
MB-6223	1	1	10	5	58.83	0	5.04	0	0	2	0	3	20	2	0	1	4	3	1	1	1	5	0	0	1	Basal
MB-6224	0	0	5	5	66.94	0	6.02	0	0	31	1	3	10	2	0	0	3	3	1	0	0	4	0	0	0	Her2
MB-6225	1	1	7	5	68.43	1	3.032	1	0	0	1	2	16	1	0	1	0	1	0	1	0	0	1	1	1	LumA
MB-6226	0	1	8	5	73.37	0	3.074	1	0	0	1	2	37	2	1	1	2	0	0	1	0	2	1	1	0	Normal
MB-6229	0	0	8	5	75.33	1	2.03	1	0	0	1	1	15	1	0	1	0	1	0	1	0	0	1	1	0	LumA
MB-6231	0	1	3	5	77.96	0	4.04	1	0	0	1	3	20	2	0	2	2	1	0	1	0	2	1	1	1	Normal
MB-6232	0	1	3	5	71.22	0	5.06	1	0	4	1	2	30	2	0	1	0	1	0	1	0	0	1	1	1	LumA
MB-6233	1	1	8	5	70.65	0	2.04	1	0	0	0	1	20	1	0	1	1	1	0	1	0	1	1	0	1	LumB
MB-6234	1	1	0	5	66.35	0	3	1	0	0	1	2	0	2	1	1	2	1	0	1	0	2	1	1	1	Normal
MB-6237	0	1	10	5	75.62	1	4.04	0	0	0	1	3	20	1	0	0	4	3	1	1	1	5	1	1	1	Basal
MB-6238	0	0	7	5	84.87	0	3.058	1	0	0	1	2	29	2	0	1	0	1	0	1	0	0	1	1	1	LumA
MB-6239	1	1	8	5	52.84	1	5.04	1	0	6	0	2	20	2	0	1	2	0	0	1	0	2	0	0	1	Normal
MB-6242	1	1	10	5	41.29	0	6.11	0	1	8	0	3	55	2	0	1	4	3	1	1	1	5	0	0	1	Basal
MB-6245	1	1	10	5	47.01	1	4.04	0	1	0	0	3	20	2	0	1	4	3	1	1	1	5	1	1	1	Basal
MB-6246	0	1	5	5	58.39	0	5.06	0	0	2	1	3	30	2	0	0	3	2	1	0	1	4	0	1	0	Her2
MB-6248	1	1	10	5	51.22	0	5.11	0	0	1	1	3	55	2	0	1	4	3	1	1	1	5	0	0	1	Basal
MB-6251	0	0	10	5	48.59	1	5.06	0	1	1	1	3	30	2	0	2	4	4	1	1	1	5	0	0	0	Basal
MB-6253	1	1	8	5	62.9	0	2.022	1	0	0	0	1	11	2	0	1	0	1	0	1	0	0	1	0	1	LumA
MB-6254	0	0	2	5	78.69	0	3.142	1	0	0	1	2	71	2	1	1	1	1	0	1	0	1	1	1	1	LumB
MB-6256	0	1	3	5	67.33	1	2.028	1	0	0	0	1	14	2	0	1	0	1	0	1	0	0	1	0	1	LumA
MB-6257	1	1	8	5	49.38	0	4.032	1	1	0	0	3	16	2	0	1	1	0	0	1	0	1	1	0	1	LumB
MB-6263	1	1	0	5	79.42	0	5.048	1	0	8	1	2	24	2	1	1	0	4	0	1	1	0	1	1	1	LumA
MB-6271	1	1	7	5	64.4	1	3.05	1	0	0	0	2	25	2	0	2	0	4	0	1	1	0	1	1	1	LumA
MB-6281	0	1	6	5	75.1	0	5.01	1	0	7	0	2	5	2	0	1	1	4	0	1	0	1	1	1	0	LumB
MB-6283	0	1	7	5	73.07	0	5.05	1	0	1	1	3	25	2	2	1	0	4	0	1	0	0	1	1	1	LumA
MB-6284	0	1	9	5	67.81	1	3.06	1	0	0	0	2	30	2	1	2	1	4	0	1	0	1	1	0	1	LumB
MB-6286	0	1	3	5	85.17	0	3.04	1	0	0	1	2	20	2	1	1	0	4	0	1	0	0	1	1	0	LumA
MB-6287	0	0	1	5	58.08	1	5.07	0	0	1	1	3	35	2	1	2	1	4	0	1	0	1	0	0	0	LumB
MB-6288	0	0	6	5	74.33	0	4.046	1	0	0	0	3	23	2	0	1	1	4	0	1	0	1	1	0	1	LumB
MB-6297	1	1	8	5	52.55	1	3.06	1	0	0	0	2	30	2	0	0	0	4	0	1	1	0	1	0	1	LumA
MB-6300	0	1	3	5	62.92	0	4.03	1	0	1	1	2	15	2	0	1	1	4	0	1	0	1	1	1	1	LumB
MB-6302	0	1	9	5	67.78	0	6.054	1	0	5	1	3	27	2	0	1	1	0	0	1	1	1	1	0	1	LumB
MB-6306	0	1	1	5	78.22	0	4.058	1	0	0	0	3	29	2	0	0	1	0	0	1	0	1	1	0	1	LumB
MB-6308	0	1	8	5	81.75	1	5.046	1	0	9	0	2	23	2	0	1	0	1	0	1	0	0	1	0	1	LumA
MB-6312	1	1	9	5	85.02	1	4.078	1	0	0	1	3	39	2	0	1	1	0	0	1	1	1	1	1	1	LumB
MB-6314	1	1	1	5	68.57	0	3.028	1	0	0	0	2	14	2	0	0	3	2	0	0	1	4	1	1	1	Her2
MB-6317	0	1	2	5	86.9	1	5.106	1	0	3	1	3	53	2	1	0	1	0	0	1	0	1	1	1	0	LumB
MB-6318	0	1	10	5	81.37	1	4.07	1	0	0	1	3	35	2	0	1	3	3	1	1	1	4	1	1	1	Her2
MB-6319	1	1	3	5	57.9	1	5.124	0	0	6	0	2	62	2	0	1	2	1	0	1	0	2	0	0	1	Normal
MB-6322	0	1	0	5	80.93	0	5.05	1	0	9	0	2	25	2	0	1	1	0	0	1	1	1	1	0	1	LumB
MB-6328	1	1	2	5	75.89	1	2.06	1	0	0	1	1	30	2	0	1	0	0	0	1	0	0	1	1	1	LumA
MB-6329	0	1	9	5	68.48	1	4.046	0	0	0	0	3	23	2	0	1	1	0	0	1	0	1	1	1	1	LumB
MB-6330	1	1	0	5	36.81	1	4.04	0	1	2	1	2	20	2	0	0	3	2	1	0	1	4	0	0	1	Her2
MB-6334	1	1	9	5	60.12	1	4.042	0	0	0	1	3	21	2	0	0	3	2	0	0	0	4	1	1	1	Her2
MB-6336	0	0	2	5	63.22	1	6.05	0	0	18	1	3	25	2	1	1	4	3	1	1	1	5	0	0	0	Basal
MB-6337	0	1	5	5	58.25	1	6.11	0	0	14	1	3	55	2	0	0	4	2	1	0	1	5	0	0	1	Basal
MB-6346	1	1	8	5	63.2	1	3.044	1	0	0	0	2	22	2	0	1	1	0	0	1	0	1	1	0	1	LumB
MB-6358	0	0	5	5	57.77	1	3.05	1	0	0	1	2	25	2	0	0	3	2	1	0	1	4	1	1	0	Her2
MB-6359	0	0	6	5	73.42	0	3.044	1	0	0	1	2	22	2	3	1	3	0	0	1	1	4	1	1	1	Her2
MB-6363	0	0	5	5	60.77	1	6.05	0	0	7	1	3	25	2	1	0	4	2	1	0	1	5	0	0	0	Basal
MB-7000	1	1	1	4	69.28	0	4.022	1	0	1	1	2	11	2	1	0	1	0	0	1	0	1	1	1	1	LumB
MB-7002	1	1	0	4	74.52	0	3.032	1	0	0	1	2	16	2	1	2	1	0	0	1	0	1	1	1	0	LumB
MB-7003	0	1	3	4	50.44	1	4.054	1	0	2	1	2	27	2	2	1	2	1	0	1	0	2	1	1	1	Normal
MB-7004	1	1	8	4	74.2	1	5.06	1	0	4	1	2	30	2	1	1	0	1	0	1	1	0	1	0	0	LumA
MB-7005	1	1	8	4	70.84	1	3.052	1	0	2	0	1	26	2	0	1	1	1	0	1	1	1	1	0	0	LumB
MB-7006	1	1	3	4	58.8	0	3.038	1	0	1	0	1	19	2	2	1	0	1	0	1	0	0	1	0	1	LumA
MB-7007	1	1	10	4	54.44	0	5.034	0	0	1	1	3	17	2	0	0	4	3	1	1	1	5	0	0	0	Basal
MB-7009	0	0	10	4	68.28	1	5.054	0	0	2	0	3	27	2	0	1	4	3	1	1	1	5	0	0	0	Basal
MB-7010	1	1	7	4	70.25	1	2.046	1	0	0	1	1	23	2	1	1	0	1	0	1	0	0	1	1	1	LumA
MB-7012	0	0	10	4	60.96	0	4.04	0	0	0	0	3	20	2	0	1	4	3	1	1	1	5	0	0	0	Basal
MB-7014	1	1	1	4	67.57	0	5.038	1	0	1	0	3	19	2	0	1	4	0	0	1	0	5	1	0	1	Basal
MB-7015	1	1	8	4	63.79	1	4.05	1	0	0	0	3	25	2	0	1	1	0	0	1	0	1	1	0	1	LumB
MB-7018	0	0	9	4	72.12	1	4.08	0	0	3	1	2	40	2	1	1	3	0	0	1	1	4	0	0	1	Her2
MB-7019	0	1	3	4	68.44	0	3.042	1	0	0	1	2	21	2	1	1	1	1	0	1	0	1	1	1	1	LumB
MB-7020	0	0	5	4	44.47	0	5.054	0	1	2	1	3	27	2	1	0	3	2	1	0	1	4	0	1	1	Her2
MB-7022	1	1	8	4	70.61	0	3.068	1	0	0	1	2	34	2	0	1	1	0	0	1	0	1	1	1	1	LumB
MB-7026	0	1	3	4	35.27	0	4.052	1	1	1	0	2	26	2	1	0	1	1	0	1	0	1	1	0	1	LumB
MB-7028	1	1	1	4	65.94	0	4.056	1	0	2	0	2	28	2	0	1	1	0	0	1	1	1	1	0	1	LumB
MB-7029	1	1	0	4	43.45	0	2.046	1	1	0	0	1	23	2	1	2	0	1	0	1	0	0	1	0	1	LumA
MB-7030	0	1	0	4	74.21	1	4.1	1	0	1	1	2	50	2	2	1	4	3	1	1	1	5	1	0	0	Basal
MB-7031	1	1	10	4	60.58	1	5.08	0	0	1	1	3	40	2	0	1	4	4	1	1	1	5	0	0	1	Basal
MB-7032	1	1	3	4	79.36	1	2.046	1	0	0	1	1	23	2	1	1	0	1	0	1	0	0	1	1	1	LumA
MB-7034	1	1	3	4	78.73	1	3.086	1	0	0	1	2	43	2	1	1	0	1	0	1	0	0	1	1	1	LumA
MB-7035	0	0	5	4	45.3	1	6.1	0	1	13	1	3	50	2	1	0	3	2	1	0	1	4	0	0	0	Her2
MB-7036	1	1	10	4	54.48	2	5.036	0	0	2	1	3	18	2	0	1	4	3	1	1	1	5	0	0	1	Basal
MB-7037	1	1	8	4	68.74	0	2.03	1	0	0	0	1	15	2	1	1	0	1	0	1	0	0	1	0	1	LumA
MB-7038	1	1	10	4	57.62	1	5.044	0	0	1	0	3	22	2	0	1	4	3	1	1	1	5	0	0	1	Basal
MB-7039	0	0	0	4	78.19	0	4.124	1	0	1	1	2	62	2	1	1	4	3	1	1	1	5	1	1	0	Basal
MB-7040	1	1	0	4	81.32	0	4.044	1	0	1	0	2	22	2	1	1	0	1	0	1	1	0	1	1	1	LumA
MB-7041	0	1	3	4	79.48	1	1.05	1	0	0	1	2	25	2	1	1	0	1	0	1	0	0	1	1	1	LumA
MB-7046	0	1	6	4	76.02	2	3.046	1	0	0	0	2	23	2	1	0	3	0	0	0	1	4	1	0	1	Her2
MB-7048	1	1	1	4	36.27	1	3.028	1	1	0	0	2	14	2	0	1	3	0	0	1	1	4	1	0	1	Her2
MB-7049	1	1	0	4	48.75	1	4.036	0	1	0	0	3	18	2	0	1	4	3	1	1	1	5	1	0	1	Basal
MB-7050	0	0	5	4	64.99	1	4.045	1	0	1	0	2	22.5	2	1	0	3	0	0	0	0	4	0	0	1	Her2
MB-7051	0	0	6	4	63.44	0	3.04	1	0	0	0	2	20	2	0	1	3	0	0	1	1	4	1	0	1	Her2
MB-7053	1	1	0	4	45.64	2	4.029	1	1	0	0	3	14.5	2	0	1	0	0	0	1	0	0	1	0	1	LumA
MB-7055	0	0	10	4	54.87	2	4.052	0	0	0	1	3	26	2	2	1	4	4	1	1	1	5	1	1	0	Basal
MB-7056	1	1	3	4	71.82	1	5.042	1	0	7	1	2	21	2	1	1	0	1	0	1	0	0	1	1	1	LumA
MB-7057	0	0	0	4	72.81	0	4.044	0	0	2	1	2	22	2	0	1	2	1	1	1	1	2	0	1	0	Normal
MB-7058	1	1	3	4	45.81	0	3.054	1	1	4	1	2	27	2	1	1	2	1	0	1	0	2	1	1	1	Normal
MB-7060	0	1	3	4	69.25	0	4.1	1	0	6	1	1	50	2	0	2	0	1	0	1	1	0	1	0	1	LumA
MB-7061	0	1	0	4	61.6	2	3.04	1	0	0	0	2	20	2	1	1	2	1	0	1	1	2	1	0	1	Normal
MB-7062	1	1	3	4	63.77	2	3.032	1	0	1	0	1	16	2	0	1	0	1	0	1	0	0	1	0	1	LumA
MB-7065	1	1	9	4	45.35	0	3.038	1	1	0	0	2	19	2	1	1	1	0	0	1	0	1	1	0	1	LumB
MB-7066	1	1	3	4	64.24	1	5.037	0	0	1	0	3	18.5	2	2	0	3	1	1	1	1	4	0	0	1	Her2
MB-7067	1	1	5	4	69.64	0	3.031	0	0	0	1	2	15.5	2	2	0	3	2	1	0	1	4	1	1	1	Her2
MB-7068	1	1	9	4	58.95	0	4.052	1	0	0	0	3	26	2	0	0	3	2	0	0	1	4	1	0	1	Her2
MB-7070	1	1	9	4	68.76	0	5.004	1	0	2	1	3	2	2	0	0	3	0	0	1	0	4	1	1	1	Her2
MB-7071	1	1	3	4	27.56	0	4.036	1	1	0	0	3	18	2	1	1	3	0	0	1	0	4	1	0	1	Her2
MB-7072	0	0	1	4	71.24	0	5.13	1	0	14	1	2	65	2	1	0	1	0	0	1	0	1	1	0	0	LumB
MB-7073	0	1	5	4	54.69	2	6.04	0	0	13	1	3	20	2	0	0	4	2	1	0	1	5	0	1	1	Basal
MB-7074	1	1	0	4	51.36	1	2.036	1	0	0	1	1	18	2	2	1	2	1	0	1	1	2	1	1	1	Normal
MB-7075	1	1	1	4	64.4	1	3.032	1	0	0	1	2	16	2	0	0	1	0	0	1	1	1	1	1	1	LumB
MB-7076	0	1	7	4	56.13	2	3.044	1	0	0	1	2	22	2	1	1	0	1	0	1	0	0	1	1	1	LumA
MB-7077	1	1	3	4	37.89	1	5.034	1	1	5	0	2	17	2	0	1	0	1	0	1	0	0	1	0	1	LumA
MB-7080	1	1	8	4	64.01	1	2.034	1	0	0	1	1	17	2	0	1	0	1	0	1	0	0	1	1	1	LumA
MB-7083	1	1	9	4	50.42	0	3.052	1	0	0	0	2	26	2	3	1	1	0	0	1	0	1	0	0	1	LumB
MB-7084	1	1	10	4	74.07	1	4.12	0	0	0	1	3	60	2	0	0	4	3	1	0	1	5	1	1	1	Basal
MB-7085	1	1	7	4	60.5	0	4.06	1	0	3	1	2	30	2	2	1	2	1	0	1	0	2	1	0	1	Normal
MB-7086	1	1	9	4	70.52	2	4.036	1	0	2	0	2	18	2	0	1	1	0	0	1	0	1	1	0	1	LumB
MB-7087	0	1	10	4	66.61	2	5.028	0	0	3	0	3	14	2	0	1	4	4	1	1	1	5	0	0	0	Basal
MB-7088	1	1	5	4	72.05	2	5.05	1	0	2	1	3	25	2	1	0	3	2	0	0	1	4	1	1	1	Her2
MB-7090	1	1	10	4	48.52	0	5.034	0	1	3	0	3	17	2	0	1	4	3	1	1	1	5	0	0	1	Basal
MB-7091	1	1	7	4	55.71	2	4.036	1	0	4	0	1	18	2	0	2	0	1	0	1	0	0	1	0	1	LumA
MB-7092	1	1	1	4	55.67	2	2.04	0	0	0	0	1	20	2	0	1	3	0	0	1	0	4	1	0	1	Her2
MB-7093	0	1	3	4	76.25	1	3.0338	1	0	2	1	1	16.9	2	1	1	0	1	0	1	0	0	0	1	1	LumA
MB-7095	1	1	8	4	74.64	1	2.05	1	0	0	0	1	25	2	0	1	0	0	0	1	1	0	1	0	1	LumA
MB-7096	1	1	3	4	48.27	2	4.025	1	1	1	0	2	12.5	2	0	1	0	4	0	1	0	0	1	0	1	LumA
MB-7097	0	0	8	4	60.09	0	2.0806	1	0	2	1	2	40.3	2	0	1	1	0	0	1	1	1	0	1	1	LumB
MB-7099	0	1	9	4	80.31	1	4.076	1	0	2	1	2	38	2	0	1	1	0	0	1	0	1	1	0	1	LumB
MB-7100	0	1	8	4	70.56	0	5.056	1	0	2	0	3	28	2	0	1	1	0	0	1	0	1	1	0	1	LumB
MB-7102	0	1	3	4	73.16	0	3.04	1	0	1	1	1	20	2	1	1	1	0	0	1	0	1	1	1	1	LumB
MB-7107	0	0	8	4	67.85	0	5.06	1	0	3	1	3	30	2	1	1	0	0	0	1	1	0	1	1	0	LumA
MB-7109	1	1	2	4	67.27	0	6.038	1	0	16	1	3	19	2	0	0	1	0	0	1	0	1	1	1	1	LumB
MB-7113	0	1	7	4	66.04	0	2.02	1	0	0	1	1	10	2	1	1	0	1	0	1	0	0	1	1	1	LumA
MB-7115	0	1	5	4	80.56	2	4.14	0	0	0	1	3	70	2	0	0	3	2	0	0	1	4	1	0	1	Her2
MB-7116	0	0	8	4	77.17	2	4.08	1	0	1	1	2	40	2	0	1	1	0	0	1	1	1	1	1	0	LumB
MB-7118	1	1	8	4	70.15	0	3.04	0	0	0	1	2	20	2	1	1	0	1	0	1	0	0	1	1	1	LumA
MB-7119	1	1	10	4	54.53	0	5.046	0	0	2	0	3	23	2	0	1	4	3	1	1	1	5	0	0	1	Basal
MB-7122	0	1	0	4	83.39	2	5.06	1	0	1	1	3	30	2	1	1	4	0	0	1	1	5	1	1	0	Basal
MB-7131	1	1	8	4	58.04	1	5.042	1	0	1	1	3	21	2	1	1	1	0	0	1	1	1	1	1	1	LumB
MB-7132	1	1	7	4	69.06	0	3.038	1	0	0	1	2	19	2	1	1	1	1	0	1	0	1	1	1	1	LumB
MB-7137	1	1	0	4	64.24	0	2.042	1	0	0	0	2	21	2	1	1	0	1	0	1	1	0	1	0	1	LumA
MB-7138	0	1	8	4	68.16	0	4.044	1	0	0	0	3	22	2	0	1	1	0	0	1	0	1	1	0	1	LumB
MB-7141	1	1	7	4	78.16	2	3.0236	0	0	0	1	2	11.8	2	0	1	0	1	0	1	0	0	1	1	1	LumA
MB-7142	0	1	2	4	55.52	1	3.026	0	0	0	1	2	13	2	0	1	1	0	0	1	0	1	1	1	1	LumB
MB-7144	0	1	8	4	59.34	1	4.045	1	0	0	0	3	22.5	2	0	1	1	0	0	1	0	1	1	0	1	LumB
MB-7145	1	1	10	4	44.42	1	5.05	0	1	2	0	3	25	2	0	1	4	3	1	1	1	5	0	0	1	Basal
MB-7151	1	1	10	4	59.06	0	4.042	1	0	0	1	3	21	2	0	1	4	3	1	1	1	5	1	1	1	Basal
MB-7153	1	1	8	4	74.11	1	3.05	1	0	0	1	2	25	2	0	1	3	0	0	1	1	4	1	1	1	Her2
MB-7154	0	1	10	4	77.54	1	4.0652	0	0	0	1	3	32.6	2	0	1	4	3	1	1	1	5	1	1	1	Basal
MB-7157	1	1	8	4	56.86	1	4.038	1	0	2	1	2	19	2	0	1	1	0	0	1	0	1	1	0	1	LumB
MB-7159	0	0	10	4	60.45	2	4.068	0	0	0	0	3	34	2	0	1	4	4	1	1	1	5	0	0	0	Basal
MB-7160	1	1	9	4	51.34	0	4.046	1	0	0	0	3	23	2	0	0	3	0	0	1	0	4	1	0	1	Her2
MB-7161	1	1	6	4	47.67	0	5.092	1	1	5	0	2	46	2	2	0	0	0	0	1	0	0	1	0	1	LumA
MB-7162	1	1	3	4	59.84	1	2.0276	1	0	0	0	1	13.8	2	1	1	0	1	0	1	0	0	1	0	1	LumA
MB-7164	1	1	3	4	49.13	2	3.0314	1	1	2	0	1	15.7	2	0	1	0	1	0	1	0	0	1	0	1	LumA
MB-7167	1	1	8	4	43.26	0	3.17	1	1	0	1	2	85	2	0	1	3	1	0	1	0	4	1	0	1	Her2
MB-7170	1	1	0	4	58.56	0	3.04	1	0	0	0	2	20	2	0	1	0	4	0	1	1	0	1	0	1	LumA
MB-7171	0	1	9	4	71.82	1	5.062	1	0	3	0	3	31	2	0	1	1	0	0	1	0	1	1	0	1	LumB
MB-7172	1	1	8	4	62.7	1	4.0366	1	0	3	1	2	18.3	2	0	1	1	0	0	1	0	1	1	1	1	LumB
MB-7173	0	1	8	4	67.4	1	3.0432	1	0	0	1	2	21.6	2	0	1	0	0	0	1	1	0	1	1	1	LumA
MB-7174	1	1	6	4	60.63	1	4.04	0	0	0	0	3	20	2	0	1	1	0	0	1	1	1	1	0	1	LumB
MB-7182	0	0	9	4	58.26	2	4.054	1	0	0	1	3	27	2	1	1	3	0	0	1	1	4	0	1	0	Her2
MB-7186	1	1	7	4	48.92	2	5.066	1	1	6	1	2	33	2	0	1	1	0	0	1	0	1	1	1	0	LumB
MB-7187	0	0	5	4	49.35	0	3.0046	0	1	0	0	2	2.3	2	1	0	2	2	1	0	1	2	0	0	1	Normal
MB-7189	0	0	1	4	58.75	1	4.042	1	0	1	0	2	21	2	0	2	1	4	0	1	1	1	0	0	1	LumB
MB-7197	0	1	8	4	70.58	1	4.04	1	0	1	1	2	20	2	0	1	1	0	0	1	0	1	1	1	1	LumB
MB-7198	0	0	6	4	67.89	2	4.08	1	0	0	1	3	40	2	0	1	4	0	0	1	0	5	1	1	0	Basal
MB-7199	0	1	8	4	81.14	2	4.04	1	0	1	1	2	20	2	0	1	1	0	0	1	1	1	1	1	1	LumB
MB-7200	0	1	8	4	71.69	0	4.046	1	0	0	0	3	23	2	1	1	1	0	0	1	0	1	1	0	1	LumB
MB-7205	1	1	10	4	38.17	2	5.05	0	1	2	0	3	25	2	1	1	4	3	1	1	1	5	0	0	1	Basal
MB-7208	0	0	10	4	48.83	2	6.0622	0	1	9	1	3	31.1	2	0	1	4	3	1	1	1	5	0	0	0	Basal
MB-7217	0	1	3	4	62.61	1	1.02	1	0	0	0	2	10	2	2	1	0	1	0	1	0	0	1	0	1	LumA
MB-7218	1	1	3	4	57.87	2	3.0252	1	0	2	0	1	12.6	2	1	1	0	1	0	1	0	0	1	0	1	LumA
MB-7225	0	0	10	4	49.61	2	5.076	0	1	3	1	3	38	2	0	0	4	4	1	1	1	5	0	0	0	Basal
MB-7227	0	1	3	4	72.66	2	3.034	1	0	0	1	2	17	2	1	1	2	0	0	1	1	2	1	1	1	Normal
MB-7228	1	1	7	4	58.92	0	5.07	1	0	6	1	2	35	2	2	0	2	1	0	1	0	2	1	1	1	Normal
MB-7229	0	1	8	4	73.52	1	5.058	1	0	1	1	3	29	2	0	1	0	0	0	1	0	0	1	1	1	LumA
MB-7232	1	1	8	4	58.37	1	3.00424	1	0	0	1	2	2.12	2	0	1	0	1	0	1	0	0	1	1	1	LumA
MB-7233	0	1	8	4	74.76	0	3.0426	1	0	0	1	2	21.3	2	1	1	3	1	0	1	0	4	1	1	1	Her2
MB-7236	0	1	8	4	51.46	0	5.04464	1	0	5	0	2	22.32	2	1	0	1	1	0	1	0	1	1	0	1	LumB
MB-7241	1	1	7	4	47.85	2	4.046	1	1	1	1	2	23	2	1	1	1	1	0	1	0	1	1	1	1	LumB
MB-7243	0	1	8	4	78.89	2	2.034	1	0	0	1	1	17	2	1	1	0	1	0	1	1	0	1	1	1	LumA
MB-7244	1	1	8	4	54.81	1	3.024	1	0	1	0	1	12	2	1	1	0	1	0	1	0	0	1	0	1	LumA
MB-7249	0	1	8	4	75.13	2	1.042	1	0	0	0	2	21	2	2	0	0	1	0	1	0	0	1	0	0	LumA
MB-7250	0	0	5	4	48.45	2	4.0354	0	1	0	0	3	17.7	2	1	0	3	2	1	0	1	4	1	0	0	Her2
MB-7251	0	0	5	4	54.66	2	6.03094	1	0	5	1	3	15.47	2	1	0	3	2	1	0	1	4	1	1	0	Her2
MB-7253	0	0	3	4	69.72	2	3.05	1	0	0	1	2	25	2	0	1	1	0	0	1	1	1	1	1	0	LumB
MB-7254	1	1	8	4	62.46	2	4.046	1	0	2	1	2	23	2	1	1	0	0	0	1	0	0	1	1	1	LumA
MB-7256	0	0	5	4	50.92	2	5.08	0	0	17	0	2	40	2	0	0	3	2	1	0	1	4	0	0	0	Her2
MB-7262	0	1	9	4	83.8	0	5.08	1	0	1	0	3	40	2	1	1	3	0	0	1	1	4	1	1	1	Her2
MB-7263	0	1	9	4	63.89	0	4.06	1	0	2	0	2	30	2	0	0	1	0	0	1	0	1	1	0	1	LumB
MB-7268	1	1	8	4	34.64	2	5.1	1	1	1	1	3	50	2	1	2	0	0	0	1	0	0	1	0	1	LumA
MB-7273	1	1	5	4	47.47	0	5.04	0	1	1	0	3	20	2	0	0	3	2	1	0	1	4	0	0	1	Her2
MB-7275	0	0	5	4	30.02	1	5.04	0	1	3	1	3	20	2	0	0	3	2	1	0	0	4	0	1	0	Her2
MB-7278	0	1	3	4	67.89	0	4.03	1	0	1	1	2	15	2	0	1	0	1	0	1	0	0	1	1	1	LumA
MB-7279	0	0	9	4	86.14	2	4.1	1	0	3	1	2	50	2	0	0	3	2	0	1	0	4	1	1	0	Her2
MB-7281	0	0	5	4	51.22	2	5.032	1	0	3	1	3	16	2	1	0	3	2	1	0	1	4	0	0	0	Her2
MB-7283	0	0	6	4	54.42	2	5.06	1	0	33	0	2	30	2	1	2	1	0	0	1	1	1	0	0	0	LumB
MB-7288	0	0	8	4	55.7	2	5.06	1	0	8	0	2	30	2	0	1	1	0	0	1	1	1	1	0	0	LumB
MB-7289	0	0	0	4	51.87	2	5.13	1	0	5	1	2	65	2	1	0	2	1	0	1	0	2	1	1	1	Normal
MB-7292	0	0	6	4	52.9	2	4.03	1	0	1	0	2	15	2	0	0	1	0	0	1	0	1	1	0	1	LumB
MB-7293	1	1	3	4	56.9	2	5.09	1	0	1	1	3	45	2	0	1	0	1	0	1	0	0	1	1	1	LumA
MB-7296	0	0	5	4	42.88	2	5.04	1	1	1	1	3	20	2	0	0	1	4	0	0	1	1	1	0	0	LumB
MB-7298	0	1	1	4	61.16	2	5.05	1	0	12	1	2	25	2	1	1	1	0	0	1	0	1	1	1	1	LumB
